event_id,session_id,event_ts,event_type,user_id,ip,user_agent,property_id,view_duration_sec,enquiry_flag,favorite_flag
01deae47-2fd9-4805-9e49-fbeea0cd9c38,sess-intent-005,2026-03-11T11:31:00,property_view,visitor-0447,203.0.113.11,Mozilla/Windows,PROP-0099,214,false,false
e773fc20-de44-475c-9fd5-dbccac97c783,sess-intent-010,2026-01-17T08:58:00,property_view,visitor-0578,203.0.113.12,Mozilla/Windows,PROP-0099,57,false,false
59b6453e-eb50-4a33-b6b6-bf9eeadb55d8,sess-intent-008,2026-02-03T21:20:00,property_view,visitor-0335,192.0.2.20,Mozilla/iPhone,PROP-0035,209,false,false
5f008edb-5163-4f3c-8817-bf17f040c1cc,sess-intent-001,2026-03-02T08:47:00,property_view,visitor-0359,203.0.113.13,Mozilla/iPhone,PROP-0107,50,false,false
00776937-46c4-42d3-b652-a2def9d720e6,sess-intent-004,2026-01-26T08:39:00,property_view,visitor-0130,203.0.113.10,Mozilla/Windows,PROP-0011,73,false,false
db7eb581-6a3f-4103-b651-8fbca2688a4b,sess-intent-012,2026-02-17T10:38:00,property_view,visitor-0736,192.0.2.20,Mozilla/iPhone,PROP-0051,98,false,false
3898fd02-f67b-4b59-9e4e-5b0a50cb18c4,sess-intent-004,2026-02-09T21:25:00,property_view,visitor-0078,192.0.2.24,Mozilla/Windows,PROP-0027,336,false,false
3dc38f2a-d72c-436e-8b48-660ea5a6c48f,sess-intent-007,2026-01-16T08:22:00,property_view,visitor-0678,192.0.2.27,Mozilla/iPhone,PROP-0075,274,false,false
d08ef5aa-d172-4d6f-aa8c-0fdbaedcf37b,sess-intent-015,2026-01-14T21:23:00,property_view,visitor-0471,203.0.113.11,Mozilla/Windows,PROP-0003,237,false,false
4eb6dec1-e3c9-40e7-9b6c-95d6b84cea5f,sess-intent-014,2026-03-10T22:29:00,property_view,visitor-0749,192.0.2.26,Mozilla/Windows,PROP-0131,180,false,false
273a1bac-9b92-4fbf-b416-d7135eddf18e,sess-intent-011,2026-02-01T22:36:00,property_view,visitor-0389,203.0.113.13,Mozilla/iPhone,PROP-0019,268,false,false
5812ed9c-849a-427b-8fcf-b5e4340b76ae,sess-intent-012,2026-02-03T20:17:00,property_view,visitor-0283,192.0.2.21,Mozilla/Windows,PROP-0043,279,false,false
061dccf5-1640-41c1-8607-d45aab63ee63,sess-intent-011,2026-03-04T11:44:00,property_view,visitor-0729,203.0.113.12,Mozilla/Windows,PROP-0019,420,false,true
c4abd762-82e3-428c-9235-3d64942c3670,sess-intent-006,2026-02-01T19:42:00,property_view,visitor-0485,203.0.113.12,Mozilla/Windows,PROP-0075,191,false,false
f4a44f48-5c96-43e7-b38c-c2a67236aff3,sess-intent-004,2026-02-28T19:19:00,property_view,visitor-0124,203.0.113.11,Mozilla/Windows,PROP-0139,176,false,false
fba8cc6f-aabf-4892-bb6e-99021e2e1566,sess-intent-013,2026-03-03T19:46:00,property_view,visitor-0538,203.0.113.12,Mozilla/Windows,PROP-0139,66,false,false
4ef7d77d-d821-49a7-9500-be320fd5d71c,sess-intent-003,2026-02-08T08:45:00,property_view,visitor-0281,203.0.113.12,Mozilla/iPhone,PROP-0075,42,false,false
0e30d161-e204-4cf4-ac60-c97d4d1a5975,sess-intent-010,2026-03-04T09:55:00,property_view,visitor-0292,192.0.2.26,Mozilla/Windows,PROP-0035,240,false,false
6d2ae51e-0458-448f-a212-18f63820280d,sess-intent-007,2026-03-03T09:52:00,property_view,visitor-0504,203.0.113.13,Mozilla/iPhone,PROP-0011,337,false,false
e44b7e53-7b17-4ff3-92e7-97dfeeacf188,sess-intent-009,2026-02-08T09:15:00,property_view,visitor-0783,203.0.113.10,Mozilla/Windows,PROP-0035,320,false,false
9c9b5cf4-c480-4d84-a837-b8e80342afb2,sess-intent-007,2026-02-26T19:55:00,property_view,visitor-0313,192.0.2.22,Mozilla/Windows,PROP-0059,45,false,false
835ce392-0568-496d-b8f0-8f4fea969969,sess-intent-003,2026-02-03T09:10:00,property_view,visitor-0566,203.0.113.12,Mozilla/iPhone,PROP-0027,16,false,false
8256c578-9b86-46e2-9a6a-733390d9fb32,sess-intent-012,2026-01-30T19:45:00,property_view,visitor-0465,192.0.2.21,Mozilla/iPhone,PROP-0155,134,false,false
4e828e91-7ed5-40ee-8f94-2364592dcc3f,sess-intent-004,2026-01-26T21:07:00,property_view,visitor-0664,192.0.2.27,Mozilla/iPhone,PROP-0147,151,false,false
d4ac3be8-ad0b-4d91-a3fc-d6c16090e16d,sess-intent-008,2026-02-09T19:28:00,property_view,visitor-0706,203.0.113.10,Mozilla/iPhone,PROP-0019,221,false,false
3c6a6964-db3c-4ae7-bd57-aa9ac1bdfad9,sess-intent-012,2026-01-11T08:56:00,property_view,visitor-0331,192.0.2.23,Mozilla/Windows,PROP-0131,28,false,false
7a71e2f0-2b02-4ed3-a501-5574d81f2726,sess-intent-013,2026-03-28T19:36:00,property_view,visitor-0775,192.0.2.24,Mozilla/iPhone,PROP-0147,280,false,false
4a15be53-2cfd-4381-94f7-3954fca19edd,sess-intent-006,2026-02-25T22:05:00,property_view,visitor-0419,203.0.113.12,Mozilla/iPhone,PROP-0067,358,false,false
d884d972-d96d-4574-8ed4-147fd0433b20,sess-intent-014,2026-03-05T19:42:00,property_view,visitor-0779,203.0.113.11,Mozilla/Windows,PROP-0043,247,false,false
4b792e8d-592e-4f59-9f87-b696826ca4be,sess-intent-008,2026-02-21T08:42:00,property_view,visitor-0424,203.0.113.11,Mozilla/iPhone,PROP-0067,280,false,false
3dd15a48-21f9-448f-a704-080e94d80770,sess-intent-003,2026-01-07T11:17:00,property_view,visitor-0295,192.0.2.26,Mozilla/Windows,PROP-0123,372,false,false
e53a3a7b-d61f-4751-9aba-13b595bf04a1,sess-intent-001,2026-01-31T10:19:00,property_view,visitor-0566,192.0.2.26,Mozilla/Windows,PROP-0003,130,false,false
93186914-7bb7-4c99-bfd4-7992ad91ff3b,sess-intent-005,2026-03-24T10:31:00,property_view,visitor-0522,192.0.2.20,Mozilla/Windows,PROP-0027,227,false,false
7dc6b336-47fb-4d60-b721-9afcf2b2a4d4,sess-intent-009,2026-01-19T21:12:00,property_view,visitor-0765,203.0.113.12,Mozilla/Windows,PROP-0123,50,false,false
8613b612-196a-48e0-8487-3fbae6beb4be,sess-intent-005,2026-03-06T19:52:00,property_view,visitor-0744,203.0.113.11,Mozilla/iPhone,PROP-0107,315,false,false
3df180aa-d950-4b48-92f4-c52a60b285cd,sess-intent-013,2026-03-03T20:21:00,property_view,visitor-0557,203.0.113.10,Mozilla/iPhone,PROP-0123,179,false,false
24cefa6f-4494-45bb-a24e-91190bb56c0b,sess-intent-008,2026-02-22T08:20:00,property_view,visitor-0723,192.0.2.24,Mozilla/Windows,PROP-0059,210,false,false
35132b8b-7611-4c92-9c00-4b4c29589c7c,sess-intent-014,2026-01-17T20:55:00,property_view,visitor-0451,192.0.2.21,Mozilla/iPhone,PROP-0035,248,false,true
e71505a2-82b2-41ab-bba1-1133e02cbbb6,sess-intent-006,2026-01-20T09:30:00,property_view,visitor-0639,203.0.113.11,Mozilla/Windows,PROP-0035,347,false,false
ad2a68ab-d4c8-4b23-81f8-a1f4b92be081,sess-intent-015,2026-02-18T20:40:00,property_view,visitor-0778,192.0.2.27,Mozilla/Windows,PROP-0083,292,false,true
c4271d47-528b-479a-ab93-beeca8634429,sess-intent-007,2026-02-06T11:47:00,property_view,visitor-0101,203.0.113.12,Mozilla/Windows,PROP-0019,375,false,false
1315fece-c515-48f1-b596-ab3936e6ee39,sess-intent-005,2026-01-04T08:20:00,property_view,visitor-0368,203.0.113.12,Mozilla/iPhone,PROP-0115,89,false,false
f9ce9f0f-d979-4a8d-a57c-fefdcc39a0cf,sess-intent-010,2026-01-24T10:11:00,property_view,visitor-0392,192.0.2.24,Mozilla/Windows,PROP-0107,138,false,false
4153a894-7e28-45ea-8974-9f34b112c533,sess-intent-011,2026-03-23T19:29:00,property_view,visitor-0010,203.0.113.10,Mozilla/Windows,PROP-0147,253,false,false
b4752519-e8d1-4caa-ab27-1e36b584a22c,sess-intent-012,2026-02-14T19:40:00,property_view,visitor-0257,203.0.113.12,Mozilla/Windows,PROP-0139,169,false,false
d86600ff-f3f2-42e2-b346-95a47e85e40a,sess-intent-012,2026-02-18T20:36:00,property_view,visitor-0303,192.0.2.21,Mozilla/iPhone,PROP-0099,352,false,false
19f2e41a-e17e-47e1-9dd4-29bf56786ca9,sess-intent-013,2026-01-07T22:53:00,property_view,visitor-0236,192.0.2.24,Mozilla/Windows,PROP-0003,195,false,false
c6494a88-dff1-4eb2-9d35-88b900854fa8,sess-intent-015,2026-03-26T10:40:00,property_view,visitor-0643,192.0.2.25,Mozilla/Windows,PROP-0051,173,false,false
f2b34ef8-615b-4df0-9a46-4f594bb1499b,sess-intent-006,2026-01-17T09:58:00,property_view,visitor-0766,192.0.2.24,Mozilla/Windows,PROP-0011,117,false,false
10dd4421-6039-4ea2-aa11-478656876c7d,sess-intent-013,2026-02-04T10:16:00,property_view,visitor-0303,203.0.113.11,Mozilla/Windows,PROP-0139,188,false,false
6f46bdae-3e6f-4d96-8a47-d1639afc05d0,sess-intent-006,2026-01-29T21:54:00,property_view,visitor-0093,203.0.113.10,Mozilla/Windows,PROP-0115,22,false,false
746d156b-182a-4a41-a4ec-c6424446bbf5,sess-intent-014,2026-03-28T19:37:00,property_view,visitor-0654,192.0.2.20,Mozilla/Windows,PROP-0027,70,false,false
d22a3c96-1be1-4eec-8a57-5674f5c39b24,sess-intent-004,2026-03-13T20:58:00,property_view,visitor-0664,203.0.113.10,Mozilla/iPhone,PROP-0123,252,false,false
dbc5985a-56fb-4339-87d4-c4ec55a42ca8,sess-intent-008,2026-01-18T08:02:00,property_view,visitor-0119,192.0.2.26,Mozilla/iPhone,PROP-0075,290,false,false
5f4e600a-45ea-49d4-8d1a-59e0c8c9346c,sess-intent-012,2026-03-31T21:37:00,property_view,visitor-0159,203.0.113.11,Mozilla/Windows,PROP-0115,350,false,false
dd17a0a9-56f6-4def-8729-63c1e347f41f,sess-intent-004,2026-02-05T08:44:00,property_view,visitor-0455,192.0.2.25,Mozilla/Windows,PROP-0123,135,false,false
bd6decd9-722c-4cf4-8ac4-3bfce57dfc69,sess-intent-005,2026-03-24T20:03:00,property_view,visitor-0195,192.0.2.27,Mozilla/Windows,PROP-0027,247,false,false
4e2fdeff-81a3-477c-a787-6ed333f3df46,sess-intent-004,2026-01-03T08:50:00,property_view,visitor-0129,192.0.2.26,Mozilla/Windows,PROP-0051,120,false,false
1f095b9b-3dfc-432c-8fc0-a26b6b2e98a0,sess-intent-013,2026-01-30T20:49:00,property_view,visitor-0611,203.0.113.12,Mozilla/iPhone,PROP-0139,89,false,false
571804c6-3148-4aa4-b817-abbdac48ffec,sess-intent-006,2026-01-15T08:08:00,property_view,visitor-0244,203.0.113.13,Mozilla/Windows,PROP-0139,23,false,false
604bb373-6c4a-46f1-94b7-f05a5ae46a25,sess-intent-008,2026-03-09T09:47:00,property_view,visitor-0460,203.0.113.10,Mozilla/Windows,PROP-0011,277,false,false
4948f53d-f6ae-4e4b-acfe-1e357af26833,sess-intent-009,2026-03-20T08:46:00,property_view,visitor-0309,192.0.2.22,Mozilla/Windows,PROP-0115,30,false,false
d6355121-13c1-415f-838d-6f47c5771c84,sess-intent-002,2026-01-14T22:45:00,property_view,visitor-0083,203.0.113.11,Mozilla/iPhone,PROP-0123,90,false,false
4abbb71e-a550-4b7d-91da-3504500aaf1e,sess-intent-009,2026-03-12T20:24:00,property_view,visitor-0302,192.0.2.25,Mozilla/Windows,PROP-0067,324,false,false
870302a4-1158-46db-b41b-196d8f7c269b,sess-intent-015,2026-03-12T11:27:00,property_view,visitor-0234,192.0.2.26,Mozilla/Windows,PROP-0027,247,false,false
2e8a424d-1f8c-4f4f-839e-e83443719bd7,sess-intent-011,2026-03-27T19:23:00,property_view,visitor-0486,203.0.113.11,Mozilla/iPhone,PROP-0027,58,false,false
5b0237c6-1733-467f-8604-ed2c601bfd69,sess-intent-009,2026-03-13T08:37:00,property_view,visitor-0338,203.0.113.11,Mozilla/Windows,PROP-0027,225,false,false
e99e3511-36ce-4081-bbd6-4f1f58d318f2,sess-intent-010,2026-03-18T19:22:00,property_view,visitor-0520,203.0.113.10,Mozilla/iPhone,PROP-0107,351,false,false
083feb5f-b699-4c25-af74-639d2a1e6266,sess-intent-010,2026-02-17T09:48:00,property_view,visitor-0232,203.0.113.11,Mozilla/Windows,PROP-0027,302,false,false
2efe055f-629d-43d1-b22e-2e1f9e6d8ffa,sess-intent-014,2026-03-13T08:38:00,property_view,visitor-0711,192.0.2.25,Mozilla/iPhone,PROP-0155,107,false,false
cc848526-71ff-41ac-9f8e-92201d2a6177,sess-intent-007,2026-01-24T10:36:00,property_view,visitor-0072,203.0.113.11,Mozilla/iPhone,PROP-0075,339,false,false
0698d2c6-da19-4972-b515-f52f7af0384c,sess-intent-006,2026-02-23T22:21:00,property_view,visitor-0320,192.0.2.22,Mozilla/Windows,PROP-0019,412,false,false
eefd4669-54ed-41dc-b444-e49b341255c7,sess-intent-001,2026-01-20T10:48:00,property_view,visitor-0691,203.0.113.10,Mozilla/iPhone,PROP-0155,241,false,false
cb12bd4c-6a86-44f7-992f-98ff7e85bd9a,sess-intent-002,2026-02-04T11:48:00,property_view,visitor-0354,192.0.2.25,Mozilla/Windows,PROP-0123,160,false,false
c986f05f-de6d-40f8-98e9-e8cc505c3c6f,sess-intent-010,2026-02-09T08:14:00,property_view,visitor-0057,192.0.2.21,Mozilla/iPhone,PROP-0147,169,false,false
243d5a1a-bcc6-4159-8846-ea976672b382,sess-intent-007,2026-01-16T08:31:00,property_view,visitor-0180,203.0.113.13,Mozilla/iPhone,PROP-0035,287,false,false
f998348c-967e-4ae9-b59d-938dc155b3c2,sess-intent-001,2026-02-15T09:25:00,property_view,visitor-0447,192.0.2.23,Mozilla/iPhone,PROP-0131,54,false,false
5c246973-8b97-4a62-862e-246c2004a56f,sess-intent-007,2026-03-23T21:18:00,property_view,visitor-0022,203.0.113.11,Mozilla/Windows,PROP-0147,102,false,false
5f87120a-3353-4900-b2b4-41b58ab18526,sess-intent-004,2026-02-16T09:27:00,property_view,visitor-0447,192.0.2.20,Mozilla/Windows,PROP-0155,283,false,false
1ebe5e2f-c139-4912-8b32-d35dba89e161,sess-intent-002,2026-01-22T09:32:00,property_view,visitor-0544,203.0.113.11,Mozilla/Windows,PROP-0075,412,false,false
186e73bc-1c10-45ae-9c79-0e28232dd4c4,sess-intent-003,2026-02-02T11:11:00,property_view,visitor-0779,203.0.113.12,Mozilla/Windows,PROP-0035,53,false,false
dcfec0d0-45cd-4872-be4a-2eb32557a2f2,sess-intent-011,2026-03-16T22:43:00,property_view,visitor-0651,192.0.2.20,Mozilla/Windows,PROP-0123,180,false,false
bb89f5cf-36c7-40b6-a0f4-5388327ae970,sess-intent-013,2026-03-02T22:40:00,property_view,visitor-0282,203.0.113.10,Mozilla/Windows,PROP-0083,195,false,false
00def2d7-7aa1-4a20-b904-720a18544362,sess-intent-002,2026-01-08T20:53:00,property_view,visitor-0661,192.0.2.20,Mozilla/Windows,PROP-0075,61,false,false
9cfc7163-c95d-4c94-baab-969368ae2fee,sess-intent-011,2026-03-12T08:28:00,property_view,visitor-0193,203.0.113.11,Mozilla/iPhone,PROP-0131,258,false,false
be963c3e-20fe-4a5c-b453-b0e9882b79d8,sess-intent-003,2026-02-13T09:32:00,property_view,visitor-0041,192.0.2.20,Mozilla/iPhone,PROP-0011,239,false,false
4ce77030-09f2-4ee8-94d3-6186a7fe5bc0,sess-intent-007,2026-02-16T20:58:00,property_view,visitor-0419,192.0.2.22,Mozilla/Windows,PROP-0131,362,false,false
351969a6-8f41-46a6-a2ff-3ffee085547f,sess-intent-012,2026-03-13T21:18:00,property_view,visitor-0673,203.0.113.10,Mozilla/Windows,PROP-0083,323,false,false
189a77c9-40b4-42a8-88c2-0be1ad166119,sess-intent-012,2026-01-19T20:19:00,property_view,visitor-0679,203.0.113.10,Mozilla/iPhone,PROP-0083,319,false,false
48ea5985-946d-4543-8241-37f2c849fd87,sess-intent-011,2026-03-24T20:52:00,property_view,visitor-0720,203.0.113.13,Mozilla/Windows,PROP-0019,393,false,false
da960cfc-1075-4392-abbd-55967baec4ea,sess-intent-005,2026-02-24T20:01:00,property_view,visitor-0185,203.0.113.10,Mozilla/Windows,PROP-0131,189,false,false
9291a7c9-611e-4e60-8d91-ea9d0a76d9cc,sess-intent-014,2026-01-18T10:04:00,property_view,visitor-0104,203.0.113.12,Mozilla/Windows,PROP-0123,291,false,false
e8016d1c-dce6-408c-a5f7-5fd1ebcb4450,sess-intent-003,2026-03-21T10:38:00,property_view,visitor-0167,203.0.113.10,Mozilla/iPhone,PROP-0131,369,false,false
6637bd6e-31d1-4bc4-9946-7626ffc8483c,sess-intent-005,2026-02-16T11:28:00,property_view,visitor-0771,192.0.2.20,Mozilla/Windows,PROP-0043,244,false,false
a6d60635-c14f-4d22-9215-3803c5cd5382,sess-intent-010,2026-03-02T11:23:00,property_view,visitor-0452,203.0.113.13,Mozilla/Windows,PROP-0059,159,false,false
84b84f2b-aa47-4383-be34-a7cefeb281a0,sess-intent-003,2026-01-21T11:51:00,property_view,visitor-0257,192.0.2.22,Mozilla/iPhone,PROP-0131,261,false,false
5a4e69a6-1c56-4ed5-8992-7028ac7b5751,sess-intent-013,2026-03-08T09:18:00,property_view,visitor-0165,203.0.113.10,Mozilla/iPhone,PROP-0139,277,false,false
5128a9be-828a-44d6-b08d-d0b9a23bb605,sess-intent-015,2026-01-29T22:56:00,property_view,visitor-0028,203.0.113.10,Mozilla/Windows,PROP-0107,217,false,false
900d5948-6df0-4c70-8c51-4490a174ea79,sess-intent-015,2026-02-17T11:01:00,property_view,visitor-0102,203.0.113.11,Mozilla/Windows,PROP-0059,347,false,false
7c0516f7-65f5-4405-8708-fd83758b6fe9,sess-intent-008,2026-03-02T10:48:00,property_view,visitor-0460,203.0.113.10,Mozilla/Windows,PROP-0035,55,false,true
6e8e33e6-fdb0-4d57-a493-4336c5ff83b1,sess-intent-005,2026-03-19T21:07:00,property_view,visitor-0244,203.0.113.10,Mozilla/iPhone,PROP-0051,39,false,false
b3200759-08c9-48c4-a93e-f78f41d515fa,sess-intent-010,2026-03-05T08:40:00,property_view,visitor-0248,192.0.2.20,Mozilla/Windows,PROP-0155,164,false,false
828e3a43-e4d1-410b-989e-724c111965f9,sess-intent-002,2026-02-23T10:42:00,property_view,visitor-0537,203.0.113.11,Mozilla/Windows,PROP-0155,49,false,false
f5b771e6-6541-489d-a4c5-b6d125528547,sess-intent-001,2026-03-06T08:24:00,property_view,visitor-0651,192.0.2.22,Mozilla/iPhone,PROP-0139,206,false,false
73fbb16d-7216-4683-b529-daa913e8af14,sess-intent-011,2026-02-14T11:46:00,property_view,visitor-0107,203.0.113.11,Mozilla/Windows,PROP-0003,391,false,false
6884c2e6-1329-44cf-8da5-35b40b37b632,sess-intent-011,2026-02-13T10:53:00,property_view,visitor-0476,203.0.113.10,Mozilla/Windows,PROP-0035,260,false,false
9631a188-9a1e-4ab5-b373-39811323c502,sess-intent-001,2026-02-28T08:18:00,property_view,visitor-0205,203.0.113.10,Mozilla/Windows,PROP-0035,176,false,false
ade7cc7f-e42c-4827-bb25-9bfbba00d0bf,sess-intent-013,2026-03-11T22:16:00,property_view,visitor-0663,203.0.113.11,Mozilla/iPhone,PROP-0131,197,false,false
2714062e-07e4-4df8-a836-2bf019f1c1cf,sess-intent-012,2026-01-16T20:27:00,property_view,visitor-0451,192.0.2.26,Mozilla/Windows,PROP-0011,212,false,false
70ee3dcc-4e74-4bb5-86f3-6dc0b56700ff,sess-intent-012,2026-02-17T19:51:00,property_view,visitor-0435,192.0.2.21,Mozilla/iPhone,PROP-0043,323,false,false
174ef3e1-0fb9-4047-b713-3e03e19da4e9,sess-intent-005,2026-01-14T09:20:00,property_view,visitor-0314,192.0.2.23,Mozilla/Windows,PROP-0043,382,false,false
7cf69ba9-d778-4446-b17c-4dc82bb72e16,sess-intent-013,2026-02-15T21:17:00,property_view,visitor-0059,203.0.113.11,Mozilla/iPhone,PROP-0115,341,false,false
884b2cee-8f4f-4e5d-996f-587b73f5e7e3,sess-intent-011,2026-01-04T10:54:00,property_view,visitor-0449,192.0.2.27,Mozilla/iPhone,PROP-0131,49,false,false
fb81e7a5-3aca-43df-9b8d-45b114d4a39e,sess-intent-011,2026-03-14T08:38:00,property_view,visitor-0461,203.0.113.11,Mozilla/Windows,PROP-0091,205,false,false
edac158d-ccb2-4421-bdef-89d4f2cedff8,sess-intent-005,2026-02-16T21:20:00,property_view,visitor-0256,192.0.2.24,Mozilla/Windows,PROP-0019,28,false,false
4c797274-6db3-47db-a83f-fbac6ae0fd8b,sess-intent-005,2026-03-13T09:16:00,property_view,visitor-0721,192.0.2.22,Mozilla/Windows,PROP-0123,328,false,false
64fb5bd3-e5c4-464d-b158-0d5dc1f08435,sess-intent-008,2026-01-10T22:11:00,property_view,visitor-0090,203.0.113.12,Mozilla/Windows,PROP-0123,178,false,false
afe4d229-fc2b-42aa-9657-b7785d73c1e1,sess-intent-015,2026-02-08T10:45:00,property_view,visitor-0718,192.0.2.23,Mozilla/Windows,PROP-0019,200,false,false
7b4f8040-b456-4783-a081-207ed22973d8,sess-intent-009,2026-01-31T22:01:00,property_view,visitor-0587,203.0.113.12,Mozilla/iPhone,PROP-0027,297,false,false
d4fa7671-f8c4-4709-8771-a143ae42ea38,sess-intent-014,2026-03-03T21:49:00,property_view,visitor-0589,203.0.113.10,Mozilla/iPhone,PROP-0019,177,false,false
ad5a6e2a-c031-4ba2-9d31-acf66ed9941c,sess-intent-009,2026-02-14T10:56:00,property_view,visitor-0656,192.0.2.20,Mozilla/Windows,PROP-0115,408,false,false
c7263884-fbca-47b2-b69a-b31602a5fbe4,sess-intent-005,2026-01-08T09:33:00,property_view,visitor-0169,192.0.2.22,Mozilla/iPhone,PROP-0107,378,false,false
4171ad75-6775-46b7-af55-9f35e7e86edd,sess-intent-005,2026-02-02T11:40:00,property_view,visitor-0129,203.0.113.13,Mozilla/Windows,PROP-0131,329,false,false
111d8941-fbe6-42af-9ec4-ebf232d1008d,sess-intent-010,2026-03-16T10:10:00,property_view,visitor-0738,192.0.2.26,Mozilla/Windows,PROP-0131,187,false,false
a968eda8-5f1d-42da-9489-085ad999f614,sess-intent-013,2026-01-04T09:02:00,property_view,visitor-0591,203.0.113.10,Mozilla/iPhone,PROP-0147,122,false,false
667d80f9-bf87-4805-aeda-07e6903bd5f3,sess-intent-008,2026-03-05T19:41:00,property_view,visitor-0251,192.0.2.25,Mozilla/Windows,PROP-0107,365,false,false
f9266c94-a24a-4ec3-8207-e92978cfc1d2,sess-intent-008,2026-01-21T22:26:00,property_view,visitor-0209,203.0.113.10,Mozilla/iPhone,PROP-0115,88,false,false
527c1491-8739-4447-b50b-ff4dfef5fa72,sess-intent-002,2026-01-17T20:32:00,property_view,visitor-0327,203.0.113.11,Mozilla/iPhone,PROP-0083,77,false,false
b828ffbf-0950-41e6-96fd-22f263c315bf,sess-intent-007,2026-02-07T21:55:00,property_view,visitor-0255,203.0.113.10,Mozilla/Windows,PROP-0059,96,false,false
adcc68b2-a3cd-423b-bd87-f97db1714cf2,sess-intent-008,2026-01-21T22:32:00,property_view,visitor-0316,203.0.113.11,Mozilla/Windows,PROP-0147,61,false,false
45333fa9-6352-4c3c-bddf-8cd680bbb09f,sess-intent-005,2026-01-28T20:03:00,property_view,visitor-0507,192.0.2.20,Mozilla/Windows,PROP-0131,349,false,false
d260ebc8-314b-43b3-9c52-3ee1273c94b5,sess-intent-012,2026-01-14T21:08:00,property_view,visitor-0375,192.0.2.23,Mozilla/Windows,PROP-0075,202,false,true
0b5dd9b6-966c-4e26-9cbd-45792fa9f489,sess-intent-009,2026-02-16T19:04:00,property_view,visitor-0462,192.0.2.24,Mozilla/Windows,PROP-0011,158,false,false
a6bfb355-f2bd-479d-8775-726fdd36fa81,sess-intent-013,2026-01-17T09:25:00,property_view,visitor-0348,192.0.2.27,Mozilla/Windows,PROP-0155,202,false,false
588591d6-99b2-48a9-acba-dab3a964ae2f,sess-intent-003,2026-03-06T08:02:00,property_view,visitor-0731,192.0.2.25,Mozilla/iPhone,PROP-0051,257,false,false
08556e94-6f8a-4da8-a05a-2c5bb75d8c6c,sess-intent-006,2026-01-18T20:59:00,property_view,visitor-0167,192.0.2.25,Mozilla/iPhone,PROP-0035,330,false,false
96761e85-00d8-455f-9f25-d4c440c56442,sess-intent-005,2026-03-07T22:45:00,property_view,visitor-0487,192.0.2.24,Mozilla/Windows,PROP-0075,203,false,false
3e7328eb-aad1-4793-b3a4-fdd70ee43169,sess-intent-005,2026-03-30T08:38:00,property_view,visitor-0672,203.0.113.11,Mozilla/Windows,PROP-0027,412,false,false
e37fae7a-2335-4401-9771-44de71d010b1,sess-intent-004,2026-01-22T21:09:00,property_view,visitor-0033,203.0.113.10,Mozilla/Windows,PROP-0059,373,false,false
bea34d11-672e-4def-a943-91ad0c479b30,sess-intent-007,2026-01-20T21:44:00,property_view,visitor-0514,192.0.2.20,Mozilla/Windows,PROP-0003,256,false,false
26567332-45d5-445e-bb90-563bfed855f6,sess-intent-009,2026-03-13T20:42:00,property_view,visitor-0386,203.0.113.10,Mozilla/iPhone,PROP-0011,103,false,false
75ce97c4-35d4-44ef-890b-dc81db5fc4af,sess-intent-004,2026-03-28T19:39:00,property_view,visitor-0253,203.0.113.11,Mozilla/iPhone,PROP-0139,167,false,false
0043bdc6-8d3c-4072-aa36-ad53d5d5f367,sess-intent-006,2026-03-30T22:20:00,property_view,visitor-0574,203.0.113.13,Mozilla/Windows,PROP-0075,384,false,false
9aea7e0a-badf-4322-9f11-4d96bd67e5cd,sess-intent-013,2026-02-18T21:52:00,property_view,visitor-0150,192.0.2.24,Mozilla/iPhone,PROP-0027,162,false,false
ab426293-8901-48f2-a484-81fa8305fa65,sess-intent-004,2026-03-25T19:47:00,property_view,visitor-0207,203.0.113.11,Mozilla/Windows,PROP-0019,153,false,false
5225e832-6e78-4a60-a647-348ba4b4d50c,sess-intent-011,2026-03-17T11:15:00,property_view,visitor-0544,203.0.113.10,Mozilla/iPhone,PROP-0067,134,false,false
9e9dfab2-febd-410c-b98d-c746fb08eb0f,sess-intent-015,2026-01-13T10:00:00,property_view,visitor-0162,203.0.113.11,Mozilla/Windows,PROP-0107,258,false,false
052d5fb1-5989-4b1e-a1cf-80065854f942,sess-intent-002,2026-03-24T08:58:00,property_view,visitor-0668,203.0.113.13,Mozilla/Windows,PROP-0051,288,false,false
9704bdb0-a763-4553-91b6-d18caab30a2e,sess-intent-013,2026-01-23T08:53:00,property_view,visitor-0508,203.0.113.12,Mozilla/iPhone,PROP-0011,398,false,false
61a25f44-070e-4ea9-ba6b-b458e99f64a1,sess-intent-005,2026-03-14T09:59:00,property_view,visitor-0466,203.0.113.10,Mozilla/Windows,PROP-0075,293,false,false
9c568bff-a4a5-45d9-99b2-0dfa0cced549,sess-intent-012,2026-01-25T09:21:00,property_view,visitor-0470,192.0.2.22,Mozilla/Windows,PROP-0035,382,false,false
95ddc4ca-d52c-4b22-b285-83b97d9eb340,sess-intent-015,2026-01-25T10:39:00,property_view,visitor-0416,203.0.113.13,Mozilla/Windows,PROP-0083,278,false,false
04b72d93-b9f2-41e8-b0c7-4cc722476e5a,sess-intent-001,2026-01-18T22:20:00,property_view,visitor-0268,192.0.2.27,Mozilla/iPhone,PROP-0099,243,false,false
a6edd9ef-17b5-43b5-a104-930af52d2f89,sess-intent-006,2026-03-15T08:16:00,property_view,visitor-0710,203.0.113.13,Mozilla/iPhone,PROP-0083,356,false,false
c069d6b0-fe45-4559-b8db-b7972aaa5568,sess-intent-011,2026-03-06T19:44:00,property_view,visitor-0303,203.0.113.12,Mozilla/iPhone,PROP-0075,128,false,false
6d5cd983-322c-427d-8b1e-2413b8fadd6c,sess-intent-009,2026-03-19T20:26:00,property_view,visitor-0483,192.0.2.21,Mozilla/Windows,PROP-0035,355,false,false
f1f094d9-c6f4-4c1e-ae21-db77a9960fb5,sess-intent-006,2026-01-11T22:33:00,property_view,visitor-0080,192.0.2.27,Mozilla/Windows,PROP-0059,72,false,false
4a085709-4a32-487d-bf39-013813a63c3e,sess-intent-014,2026-03-10T10:10:00,property_view,visitor-0533,192.0.2.22,Mozilla/Windows,PROP-0139,363,false,false
bcc02fc6-52c7-4ec9-91a6-193435f7d13d,sess-intent-008,2026-03-07T22:51:00,property_view,visitor-0136,192.0.2.21,Mozilla/Windows,PROP-0147,248,false,false
dc5ba6e1-277a-4942-a113-6e3d435f889d,sess-intent-014,2026-02-09T08:25:00,property_view,visitor-0004,192.0.2.20,Mozilla/Windows,PROP-0139,311,false,false
d5255ad3-6516-4d9d-84d4-31928fd2adc6,sess-intent-015,2026-03-11T08:59:00,property_view,visitor-0484,203.0.113.11,Mozilla/iPhone,PROP-0107,224,false,false
423efa97-e033-424a-8134-fb28fa71dc4e,sess-intent-008,2026-03-24T21:23:00,property_view,visitor-0387,192.0.2.26,Mozilla/iPhone,PROP-0035,364,false,false
5317ae45-37fa-41ad-9e5d-dbff29e54931,sess-intent-007,2026-02-14T09:11:00,property_view,visitor-0542,203.0.113.10,Mozilla/iPhone,PROP-0139,129,false,false
9641568c-aad1-4d61-a0f6-4797b501b62d,sess-intent-014,2026-03-11T21:34:00,property_view,visitor-0236,203.0.113.13,Mozilla/iPhone,PROP-0003,192,false,false
6c11a687-479c-43db-9530-5fa1e52638c5,sess-intent-015,2026-03-26T21:39:00,property_view,visitor-0017,203.0.113.10,Mozilla/iPhone,PROP-0051,49,false,false
8496783f-71a7-4fcc-bb93-3f5d26fe4301,sess-intent-007,2026-01-07T11:47:00,property_view,visitor-0450,192.0.2.20,Mozilla/iPhone,PROP-0011,126,false,false
585a2d63-70c6-4683-9e10-d672f6fd0013,sess-intent-010,2026-02-07T11:52:00,property_view,visitor-0327,203.0.113.10,Mozilla/Windows,PROP-0011,410,false,false
832d5bcc-47f5-4254-8e23-7227c945ea9e,sess-intent-005,2026-01-19T11:26:00,property_view,visitor-0063,203.0.113.12,Mozilla/Windows,PROP-0083,317,false,false
fc201df0-4f5d-4b60-8ed7-690d8442002c,sess-intent-011,2026-03-13T22:03:00,property_view,visitor-0688,192.0.2.26,Mozilla/iPhone,PROP-0043,283,false,false
08134adb-620f-4a94-b3ca-4c0b458069e3,sess-intent-008,2026-02-18T10:48:00,property_view,visitor-0247,203.0.113.11,Mozilla/Windows,PROP-0107,168,false,false
6e7f7a32-f1b0-4bc6-a395-9c3aba6577d0,sess-intent-009,2026-03-13T21:26:00,property_view,visitor-0138,192.0.2.20,Mozilla/iPhone,PROP-0035,145,false,false
226a319c-131a-4a37-a7df-0027367ac0f1,sess-intent-007,2026-01-12T11:03:00,property_view,visitor-0690,192.0.2.20,Mozilla/Windows,PROP-0019,35,false,false
075ef24f-8b2c-4562-9d96-63facd9300fd,sess-intent-014,2026-03-13T11:30:00,property_view,visitor-0341,192.0.2.24,Mozilla/iPhone,PROP-0051,22,false,false
c41a5e19-ecf5-4bbc-992a-206fbdba465d,sess-intent-012,2026-03-03T11:44:00,property_view,visitor-0210,203.0.113.10,Mozilla/iPhone,PROP-0051,137,false,false
ff70d9f7-8cbf-49e2-bf32-7a8ce1da2c37,sess-intent-006,2026-03-25T20:19:00,property_view,visitor-0526,203.0.113.11,Mozilla/Windows,PROP-0075,253,false,false
b37351c3-5652-4363-b8ea-75953413b678,sess-intent-010,2026-02-17T20:26:00,property_view,visitor-0227,203.0.113.11,Mozilla/Windows,PROP-0123,23,false,false
48f0e107-fc3f-43f2-a5da-c4a675153571,sess-intent-004,2026-02-07T10:12:00,property_view,visitor-0389,192.0.2.24,Mozilla/Windows,PROP-0147,140,false,false
9e9b076a-7511-416c-85c0-339cc22b0628,sess-intent-012,2026-03-04T22:29:00,property_view,visitor-0361,203.0.113.13,Mozilla/iPhone,PROP-0083,383,false,false
9b8b3f33-379f-478d-b6fd-9831e3975db7,sess-intent-014,2026-01-08T08:53:00,property_view,visitor-0685,192.0.2.23,Mozilla/iPhone,PROP-0043,18,false,false
8bce867f-e54c-4524-8dbf-f768f3f7d646,sess-intent-006,2026-01-02T11:32:00,property_view,visitor-0062,203.0.113.10,Mozilla/Windows,PROP-0059,356,false,false
91cc33bb-4f2c-45b2-ac64-67a7e773f173,sess-intent-009,2026-01-01T21:00:00,property_view,visitor-0740,192.0.2.27,Mozilla/iPhone,PROP-0123,161,false,true
cace75bd-ffe8-4009-9bed-d037381ca612,sess-intent-010,2026-01-13T10:15:00,property_view,visitor-0540,203.0.113.12,Mozilla/iPhone,PROP-0107,196,false,false
352da268-3cc8-44a5-807a-460c15bb753c,sess-intent-012,2026-02-21T22:36:00,property_view,visitor-0232,203.0.113.10,Mozilla/iPhone,PROP-0099,56,false,false
79a7a0f3-765f-4127-ac99-66c31ad6adb2,sess-intent-001,2026-02-18T22:03:00,property_view,visitor-0720,203.0.113.10,Mozilla/iPhone,PROP-0011,270,false,false
7661674d-b4a6-40bb-8ec0-effffbd18a58,sess-intent-015,2026-01-13T08:14:00,property_view,visitor-0709,192.0.2.24,Mozilla/Windows,PROP-0083,258,false,false
3c886381-0775-4c69-bd67-6c8b949a3ac3,sess-intent-001,2026-03-11T08:11:00,property_view,visitor-0213,192.0.2.27,Mozilla/Windows,PROP-0019,400,false,false
30acd827-d522-4988-9ab8-894e4bc1acea,sess-intent-011,2026-03-14T11:36:00,property_view,visitor-0554,203.0.113.10,Mozilla/iPhone,PROP-0099,401,false,false
cc0d75fd-b3d0-4b5c-8065-422023cdafc5,sess-intent-004,2026-02-14T08:06:00,property_view,visitor-0078,192.0.2.22,Mozilla/iPhone,PROP-0019,408,false,false
c6e86938-1520-435e-9694-52c99bc8f130,sess-intent-013,2026-02-11T08:40:00,property_view,visitor-0462,203.0.113.11,Mozilla/Windows,PROP-0155,197,false,false
852dd8ff-4b49-4fcf-9d22-908f8cb694ae,sess-intent-010,2026-03-16T21:05:00,property_view,visitor-0303,203.0.113.11,Mozilla/Windows,PROP-0099,380,false,false
52fbde90-2d32-4520-a969-db6b1cdd36ab,sess-intent-006,2026-03-23T10:47:00,property_view,visitor-0370,203.0.113.10,Mozilla/iPhone,PROP-0067,17,false,false
04d79b74-9b55-486f-86c2-6e592d65bad5,sess-intent-007,2026-01-14T10:05:00,property_view,visitor-0460,203.0.113.11,Mozilla/Windows,PROP-0115,277,false,false
81d04dcd-a568-4e05-ab69-4c738642de5f,sess-intent-001,2026-01-12T20:55:00,property_view,visitor-0299,203.0.113.10,Mozilla/Windows,PROP-0003,413,false,false
f48a8d8a-bdf9-427f-a37e-a00bb57740c9,sess-intent-005,2026-01-22T21:10:00,property_view,visitor-0309,203.0.113.12,Mozilla/iPhone,PROP-0139,89,false,false
ec36bd65-6125-4094-9eb6-adab29839a40,sess-intent-004,2026-03-03T09:23:00,property_view,visitor-0739,203.0.113.13,Mozilla/Windows,PROP-0107,319,false,false
68aaf34e-5dc2-413a-b41c-761af2ed9758,sess-intent-007,2026-01-01T21:21:00,property_view,visitor-0338,203.0.113.10,Mozilla/Windows,PROP-0115,235,false,false
4968ea5d-cdf6-4393-b631-7e346d0cd8ad,sess-intent-003,2026-03-19T11:30:00,property_view,visitor-0408,203.0.113.10,Mozilla/Windows,PROP-0155,164,false,false
9d59dea8-8363-4244-b63a-60b1a25877aa,sess-intent-006,2026-02-11T21:17:00,property_view,visitor-0117,192.0.2.24,Mozilla/Windows,PROP-0123,117,false,false
ed83b054-5ac7-4864-92f8-9d9b8ad236df,sess-intent-012,2026-03-12T08:46:00,property_view,visitor-0215,203.0.113.12,Mozilla/Windows,PROP-0139,164,false,false
f9e78645-23b7-4caa-a7ce-8eb82e061f47,sess-intent-011,2026-01-18T19:15:00,property_view,visitor-0158,203.0.113.11,Mozilla/Windows,PROP-0019,419,false,false
caec24b1-d03e-4fce-b744-d91b4dcb9c84,sess-0019,2026-02-21T21:34:00,property_view,visitor-0369,192.0.2.25,Mozilla/Windows,PROP-0115,289,false,false
be0365f9-e3da-46d4-ab6d-6cdb4488f9b9,sess-0332,2026-03-26T20:10:00,property_view,visitor-0628,203.0.113.10,Mozilla/iPhone,PROP-0019,345,false,false
87484a90-dfbe-472a-b946-f710d9ac92c2,sess-0051,2026-02-25T09:00:00,property_view,visitor-0265,203.0.113.11,Mozilla/iPhone,PROP-0099,397,false,false
777cca74-dc9d-415e-af83-5d0b0228b37d,sess-0396,2026-02-17T21:29:00,property_view,visitor-0696,192.0.2.24,Mozilla/Windows,PROP-0147,271,false,false
6617fc01-9078-42f9-b324-6a5225e19560,sess-0374,2026-02-23T09:07:00,property_view,visitor-0146,192.0.2.21,Mozilla/iPhone,PROP-0003,190,false,false
82108dc6-8f81-4227-a6fb-1973af72643d,sess-0370,2026-03-02T09:28:00,property_view,visitor-0714,192.0.2.22,Mozilla/Windows,PROP-0051,49,false,false
bdbbc246-a25a-450a-b96e-c82d558311a9,sess-0085,2026-03-24T09:43:00,property_view,visitor-0759,203.0.113.10,Mozilla/iPhone,PROP-0027,104,false,false
d1a52e20-ddf0-409f-9243-c198d4738531,sess-0208,2026-03-01T11:51:00,property_view,visitor-0645,192.0.2.23,Mozilla/iPhone,PROP-0083,342,false,false
a8df4f10-587c-412c-8929-1a300205856d,sess-0220,2026-01-26T22:37:00,property_view,visitor-0399,203.0.113.10,Mozilla/iPhone,PROP-0099,124,false,false
77f7881e-b598-485c-9225-d7c44b4f1ef2,sess-0167,2026-03-10T10:23:00,property_view,visitor-0202,192.0.2.24,Mozilla/Windows,PROP-0019,149,false,false
2b43d9c3-f3e4-40bc-bc38-29008cd255e7,sess-0201,2026-02-10T21:39:00,property_view,visitor-0602,192.0.2.22,Mozilla/iPhone,PROP-0123,195,false,false
a282194a-76af-4dc3-99f7-3a0297004c85,sess-0069,2026-02-08T09:43:00,property_view,visitor-0321,203.0.113.12,Mozilla/iPhone,PROP-0155,171,false,false
eae190f8-cd44-40c8-9581-7e7d3c336b65,sess-0197,2026-02-23T10:36:00,property_view,visitor-0434,203.0.113.10,Mozilla/iPhone,PROP-0091,340,false,false
6401f6f2-4b6f-4453-8159-0a210eb652b4,sess-0162,2026-02-06T10:11:00,property_view,visitor-0462,192.0.2.23,Mozilla/Windows,PROP-0043,198,false,false
6d88ac85-2934-402a-b85a-bec0e5a1d7f8,sess-0351,2026-02-19T22:26:00,property_view,visitor-0504,203.0.113.10,Mozilla/Windows,PROP-0123,242,false,false
d1b753d8-1f2b-4873-a730-b1013eb564de,sess-0141,2026-01-29T19:02:00,property_view,visitor-0231,192.0.2.24,Mozilla/Windows,PROP-0019,101,false,false
8b100152-54cb-4018-9f12-8c87e5795bad,sess-0397,2026-01-15T09:17:00,property_view,visitor-0557,192.0.2.21,Mozilla/Windows,PROP-0147,202,false,false
699d566f-8027-4ff0-96d6-2b1477373a30,sess-0335,2026-02-24T09:47:00,property_view,visitor-0770,192.0.2.20,Mozilla/iPhone,PROP-0011,31,false,false
71e724f9-26e8-4ee2-8508-7a1fa9fa8c7d,sess-0378,2026-01-16T11:13:00,property_view,visitor-0603,203.0.113.10,Mozilla/Windows,PROP-0091,378,false,false
7251457d-f738-4acc-9f1a-28ed9fde75ae,sess-0031,2026-01-27T11:51:00,property_view,visitor-0584,203.0.113.12,Mozilla/iPhone,PROP-0107,158,false,false
a70bb9d8-0853-4b27-a0f8-ec17c8e5ddb4,sess-0137,2026-02-07T19:36:00,property_view,visitor-0527,203.0.113.11,Mozilla/Windows,PROP-0043,362,false,false
968f529c-bc3f-4351-ab25-61690338aaef,sess-0068,2026-02-05T10:44:00,property_view,visitor-0256,203.0.113.11,Mozilla/iPhone,PROP-0035,179,false,false
025f45e8-9d61-42aa-9e37-153c03548aa4,sess-0213,2026-03-22T19:40:00,property_view,visitor-0385,192.0.2.21,Mozilla/Windows,PROP-0099,339,false,false
c95ec7bd-5037-46d1-83d6-54b8809ded48,sess-0250,2026-02-05T20:29:00,property_view,visitor-0336,203.0.113.11,Mozilla/Windows,PROP-0019,411,false,false
6d36659c-72d8-4ea6-8b62-e63e792a8595,sess-0033,2026-03-31T20:54:00,property_view,visitor-0548,192.0.2.20,Mozilla/iPhone,PROP-0019,234,false,false
478d7c15-6abd-4bb4-8809-0978cad63d6b,sess-0296,2026-02-06T20:35:00,property_view,visitor-0134,203.0.113.13,Mozilla/Windows,PROP-0123,263,false,false
d902c9d3-c65f-4d84-bf1a-d4f73b3abcec,sess-0081,2026-02-28T08:07:00,property_view,visitor-0452,203.0.113.10,Mozilla/Windows,PROP-0011,234,false,false
f6fd64c3-ef59-496e-8200-72ea9d6168ff,sess-0185,2026-02-05T09:41:00,property_view,visitor-0257,192.0.2.26,Mozilla/iPhone,PROP-0035,355,false,false
322eaba8-933c-4962-930d-49946e89010e,sess-0336,2026-02-09T11:27:00,property_view,visitor-0094,203.0.113.10,Mozilla/Windows,PROP-0043,15,false,false
4d22ac75-cb68-48df-84cd-7bc4a6f551ad,sess-0005,2026-03-08T22:00:00,property_view,visitor-0713,203.0.113.10,Mozilla/iPhone,PROP-0019,76,false,false
2cc91eb7-52ff-4717-bd01-c8abe1498ee6,sess-0375,2026-01-30T21:05:00,property_view,visitor-0105,203.0.113.10,Mozilla/iPhone,PROP-0107,203,false,false
a43e0f78-11f5-4008-995c-a3a539c5249f,sess-0272,2026-01-18T10:04:00,property_view,visitor-0577,203.0.113.11,Mozilla/iPhone,PROP-0035,347,false,false
0609109a-c023-4c40-90e2-1af5554d9c66,sess-0352,2026-01-20T21:39:00,property_view,visitor-0454,203.0.113.12,Mozilla/Windows,PROP-0091,59,false,false
e5e7588e-6696-4e66-9f2c-6571d9a9d905,sess-0162,2026-02-19T20:27:00,property_view,visitor-0144,203.0.113.10,Mozilla/iPhone,PROP-0035,345,false,false
7ff4c368-7563-468e-b2f5-f137a40d374b,sess-0354,2026-03-19T19:49:00,property_view,visitor-0028,192.0.2.25,Mozilla/Windows,PROP-0139,352,false,false
1d418f38-0594-43ef-bbcc-882bcb05c483,sess-0331,2026-01-25T21:18:00,property_view,visitor-0056,192.0.2.22,Mozilla/Windows,PROP-0051,137,false,false
9e22bbd1-ee28-475f-993f-35dea58a3d3e,sess-0007,2026-03-18T09:33:00,property_view,visitor-0370,203.0.113.12,Mozilla/Windows,PROP-0027,82,false,false
7bf9f803-bf48-432c-9fbb-9b16e820fd2c,sess-0242,2026-03-29T10:48:00,property_view,visitor-0789,203.0.113.11,Mozilla/iPhone,PROP-0147,315,false,false
f132971a-96aa-46c9-ad11-b845782fbeb5,sess-0147,2026-01-08T21:32:00,property_view,visitor-0644,203.0.113.12,Mozilla/Windows,PROP-0067,407,false,false
1f8af199-7c00-4f09-97b2-006b9745f447,sess-0043,2026-03-10T10:17:00,property_view,visitor-0318,203.0.113.10,Mozilla/iPhone,PROP-0099,119,false,false
64f495c9-c92f-443c-9600-9ef278e9c909,sess-0358,2026-03-17T09:19:00,property_view,visitor-0448,192.0.2.23,Mozilla/Windows,PROP-0035,137,false,false
ef944889-f1fd-4c37-bbd3-5d1abb494b93,sess-0342,2026-03-20T08:19:00,property_view,visitor-0760,203.0.113.11,Mozilla/Windows,PROP-0019,104,false,false
e551b345-9402-4304-bff9-e3595acf3a3e,sess-0191,2026-02-14T19:10:00,property_view,visitor-0130,203.0.113.10,Mozilla/Windows,PROP-0035,152,false,false
8e15938f-15dc-4599-9ff4-d95a549f9770,sess-0033,2026-02-24T19:33:00,property_view,visitor-0270,203.0.113.10,Mozilla/Windows,PROP-0027,310,false,false
ccd3d283-d9f6-4ca6-aab8-bcfb547ecc79,sess-0291,2026-01-08T22:54:00,property_view,visitor-0171,192.0.2.20,Mozilla/iPhone,PROP-0123,145,false,false
e19b2836-29a9-4ad0-a1dd-bf1b98b463d8,sess-0007,2026-01-30T08:02:00,property_view,visitor-0251,192.0.2.27,Mozilla/iPhone,PROP-0147,201,false,false
3f9e751c-f5f7-4db4-a59d-d31e621cd7ba,sess-0165,2026-01-05T21:14:00,property_view,visitor-0255,203.0.113.12,Mozilla/Windows,PROP-0035,383,false,false
65449030-5672-407d-adfa-ec535ac594d8,sess-0115,2026-03-06T08:11:00,property_view,visitor-0529,192.0.2.24,Mozilla/Windows,PROP-0019,220,false,false
feae175a-9f5a-4292-9670-768f2cbcc91a,sess-0284,2026-02-09T20:05:00,property_view,visitor-0468,203.0.113.13,Mozilla/iPhone,PROP-0115,117,false,false
9757fc22-db9d-41c5-803c-60057e13f1ca,sess-0398,2026-02-17T22:49:00,property_view,visitor-0201,192.0.2.25,Mozilla/Windows,PROP-0075,294,false,false
dda0e903-e372-4c9e-bd1e-0ec34ba2e0bb,sess-0278,2026-02-22T08:14:00,property_view,visitor-0355,203.0.113.10,Mozilla/Windows,PROP-0059,370,false,false
529f9d47-4442-46d3-838b-a462fea9afbf,sess-0106,2026-02-18T19:06:00,property_view,visitor-0543,203.0.113.10,Mozilla/Windows,PROP-0083,229,false,false
53db1fef-d43f-4542-afbe-7500fc0e7268,sess-0119,2026-01-12T08:58:00,property_view,visitor-0533,203.0.113.10,Mozilla/Windows,PROP-0011,205,false,false
fbac7fde-6315-4c2b-9332-208c6c64d70b,sess-0304,2026-01-18T21:04:00,property_view,visitor-0582,192.0.2.24,Mozilla/iPhone,PROP-0019,354,false,false
f2bee841-6875-4de9-b01c-d51ee70e9207,sess-0377,2026-02-10T21:44:00,property_view,visitor-0335,203.0.113.13,Mozilla/iPhone,PROP-0059,154,false,false
af487a00-b740-45d4-9748-d8c802e273c1,sess-0055,2026-03-16T09:09:00,property_view,visitor-0169,203.0.113.10,Mozilla/Windows,PROP-0051,175,false,false
9f052770-1587-4b70-bba0-bb35096d291b,sess-0238,2026-01-27T22:19:00,property_view,visitor-0272,203.0.113.11,Mozilla/Windows,PROP-0139,61,false,false
cf833056-ba95-4127-947a-c2aefbf7c170,sess-0365,2026-02-11T10:05:00,property_view,visitor-0255,192.0.2.25,Mozilla/Windows,PROP-0075,217,false,false
3460d8c5-8720-484a-8d7f-1c6d23c3c62f,sess-0232,2026-01-23T08:25:00,property_view,visitor-0570,203.0.113.13,Mozilla/Windows,PROP-0075,142,false,false
b0133b3a-b74d-4c0d-ac2c-46344828a3d2,sess-0102,2026-01-08T11:08:00,property_view,visitor-0411,203.0.113.10,Mozilla/iPhone,PROP-0027,337,false,false
80e91b6f-b1ac-49bb-a238-c160035eeb94,sess-0102,2026-01-10T08:04:00,property_view,visitor-0662,192.0.2.24,Mozilla/Windows,PROP-0019,80,false,false
56a6f938-9454-422f-a026-bd7f43f8679b,sess-0294,2026-03-01T08:10:00,property_view,visitor-0444,203.0.113.10,Mozilla/Windows,PROP-0083,217,false,false
050aad40-538d-45ae-bd8f-8833433833a2,sess-0096,2026-02-15T11:58:00,property_view,visitor-0282,192.0.2.27,Mozilla/iPhone,PROP-0099,91,false,true
8ad05693-ad57-40a7-9e81-6a84b94391fd,sess-0282,2026-02-07T22:26:00,property_view,visitor-0491,192.0.2.25,Mozilla/iPhone,PROP-0155,158,false,false
24b0de62-3b01-4d89-be95-c0a914ddf665,sess-0279,2026-03-09T11:40:00,property_view,visitor-0020,203.0.113.12,Mozilla/Windows,PROP-0107,415,false,false
6104220a-f771-46bc-b6c5-60db5d4c9117,sess-0139,2026-02-14T20:24:00,property_view,visitor-0185,192.0.2.23,Mozilla/iPhone,PROP-0123,320,false,false
3e67aef6-73c4-4135-ad29-8f8d53e78a0d,sess-0300,2026-03-02T20:49:00,property_view,visitor-0239,203.0.113.10,Mozilla/Windows,PROP-0067,66,false,false
6839867b-57db-4992-8e82-dbfa78e7446f,sess-0199,2026-01-08T11:36:00,property_view,visitor-0364,203.0.113.13,Mozilla/Windows,PROP-0059,103,false,false
6ee858ed-4027-4351-a293-34730ee9217e,sess-0303,2026-03-31T20:58:00,property_view,visitor-0029,203.0.113.11,Mozilla/Windows,PROP-0147,195,false,false
f584f803-12ea-4346-bb1a-522506970cae,sess-0159,2026-01-25T22:34:00,property_view,visitor-0180,203.0.113.10,Mozilla/Windows,PROP-0147,61,false,false
73ebe752-d914-436d-b943-aee3abff0375,sess-0315,2026-03-03T08:21:00,property_view,visitor-0207,203.0.113.12,Mozilla/Windows,PROP-0155,189,false,false
dc7fee31-17bd-47ff-abf7-7da8a3dd1f9e,sess-0057,2026-03-17T10:49:00,property_view,visitor-0539,203.0.113.10,Mozilla/Windows,PROP-0083,52,false,false
d259fc50-2e66-4375-b8d3-0e63aeb7b2ac,sess-0081,2026-02-08T20:08:00,property_view,visitor-0750,192.0.2.24,Mozilla/Windows,PROP-0099,420,false,false
3cedb370-137f-488d-adb1-8f33760cdfb6,sess-0341,2026-03-13T20:14:00,property_view,visitor-0604,192.0.2.26,Mozilla/Windows,PROP-0123,208,false,false
5b096697-6ab6-461f-9922-5f0bc17e0065,sess-0395,2026-01-01T21:54:00,property_view,visitor-0582,203.0.113.10,Mozilla/iPhone,PROP-0075,323,false,false
04bc224e-ad7b-4fa0-818a-32d0f51de9ae,sess-0170,2026-01-14T22:09:00,property_view,visitor-0764,203.0.113.12,Mozilla/iPhone,PROP-0155,192,false,false
d321056e-2368-4ccf-b383-5b8909f945d2,sess-0006,2026-01-12T20:28:00,property_view,visitor-0272,192.0.2.26,Mozilla/iPhone,PROP-0043,369,false,false
7a03fde1-6995-40d9-84e8-592178bcb342,sess-0376,2026-01-07T21:28:00,property_view,visitor-0430,203.0.113.10,Mozilla/Windows,PROP-0067,226,false,false
88ca05da-cd25-45c3-acca-61d474cf297f,sess-0296,2026-01-13T22:50:00,property_view,visitor-0667,203.0.113.11,Mozilla/Windows,PROP-0099,130,false,false
fdbe8c53-f2a3-45ec-89a9-c743bea663b7,sess-0038,2026-02-10T19:06:00,property_view,visitor-0351,203.0.113.10,Mozilla/iPhone,PROP-0019,207,false,false
e7ea6d49-20a6-4b9c-8c5b-79c03fb3f42d,sess-0315,2026-01-12T20:38:00,property_view,visitor-0495,192.0.2.23,Mozilla/Windows,PROP-0019,235,false,false
3019eee4-dd7a-4f0b-9319-8af4bedabdaf,sess-0170,2026-01-21T08:06:00,property_view,visitor-0211,192.0.2.25,Mozilla/Windows,PROP-0043,224,false,false
00896c1d-101e-4fee-80d7-ebbf5c0c9207,sess-0026,2026-02-08T11:06:00,property_view,visitor-0403,203.0.113.13,Mozilla/Windows,PROP-0139,266,false,false
f9439bcb-3e0e-4c26-aaad-d365d967d7e7,sess-0050,2026-02-07T22:12:00,property_view,visitor-0027,203.0.113.10,Mozilla/iPhone,PROP-0091,341,false,false
2600a223-20d1-4035-ad83-81510524af14,sess-0251,2026-02-09T21:30:00,property_view,visitor-0677,192.0.2.21,Mozilla/iPhone,PROP-0019,343,false,false
bca5bab4-4b67-439a-9d3e-564f78864513,sess-0023,2026-02-17T10:28:00,property_view,visitor-0270,203.0.113.11,Mozilla/Windows,PROP-0043,149,false,false
c58653d3-2539-4f88-955e-87916cd3e50b,sess-0343,2026-03-31T09:05:00,property_view,visitor-0353,192.0.2.24,Mozilla/Windows,PROP-0067,226,false,false
ca421f2f-3ebb-4df0-8802-b8e3605c13f9,sess-0352,2026-02-19T21:34:00,property_view,visitor-0487,203.0.113.12,Mozilla/Windows,PROP-0147,135,false,false
b31cd6bd-af70-4caf-af36-796ab78403db,sess-0388,2026-01-05T10:07:00,property_view,visitor-0460,203.0.113.11,Mozilla/iPhone,PROP-0019,100,false,false
857b6154-db00-472e-a19f-1394b19f4007,sess-0322,2026-01-11T21:12:00,property_view,visitor-0152,203.0.113.10,Mozilla/Windows,PROP-0051,147,false,false
4e002f07-a89f-4b44-9feb-b7e74c53a151,sess-0142,2026-02-20T20:54:00,property_view,visitor-0533,203.0.113.10,Mozilla/Windows,PROP-0019,21,false,false
4fcf5bfd-e4e8-4725-91e3-c09a1de9a252,sess-0077,2026-02-23T09:26:00,property_view,visitor-0152,192.0.2.24,Mozilla/Windows,PROP-0155,313,false,false
ae40c0e9-c0a3-430e-9eea-0c1b5460980b,sess-0275,2026-01-13T19:55:00,property_view,visitor-0353,203.0.113.10,Mozilla/Windows,PROP-0027,150,false,false
2126439a-1458-4ef9-bfd4-5ce6b25e644d,sess-0207,2026-01-05T10:17:00,property_view,visitor-0148,192.0.2.24,Mozilla/Windows,PROP-0123,363,false,false
3c0a6d4e-a1d7-438a-af28-307001ffaca6,sess-0382,2026-02-12T11:03:00,property_view,visitor-0487,203.0.113.11,Mozilla/Windows,PROP-0011,205,false,true
1ae1e89c-3f87-4332-a57f-7da70d531624,sess-0117,2026-03-04T09:55:00,property_view,visitor-0138,203.0.113.13,Mozilla/iPhone,PROP-0075,395,false,false
d936f9ce-5072-48db-bd0c-9b10f86161ac,sess-0227,2026-03-19T09:12:00,property_view,visitor-0217,203.0.113.13,Mozilla/Windows,PROP-0083,223,false,false
624d398a-c228-4d27-9f1a-8bbae595dfce,sess-0160,2026-03-07T10:04:00,property_view,visitor-0727,203.0.113.11,Mozilla/Windows,PROP-0131,84,false,false
ac72e163-63df-44f9-b0f5-ac9c202ad6af,sess-0030,2026-01-25T11:53:00,property_view,visitor-0256,192.0.2.24,Mozilla/iPhone,PROP-0131,40,false,false
76949e6b-262b-4826-83f6-b5ba22b89e78,sess-0064,2026-03-01T21:40:00,property_view,visitor-0698,203.0.113.13,Mozilla/iPhone,PROP-0051,205,false,false
d69585c8-af58-4974-8771-bf76210ddb58,sess-0084,2026-03-02T20:22:00,property_view,visitor-0265,203.0.113.12,Mozilla/Windows,PROP-0115,367,false,false
0e619ce0-9026-473c-820e-96dfc66d2cf4,sess-0114,2026-03-15T11:54:00,property_view,visitor-0663,203.0.113.11,Mozilla/iPhone,PROP-0003,120,false,false
a6ab578e-0211-4c11-b1c0-eb6eda14a505,sess-0068,2026-03-29T08:30:00,property_view,visitor-0663,192.0.2.22,Mozilla/iPhone,PROP-0107,19,false,false
339af30c-1013-4b14-930a-88e330233664,sess-0193,2026-03-24T19:27:00,property_view,visitor-0358,203.0.113.13,Mozilla/Windows,PROP-0155,126,false,false
8cb5008e-e5da-468a-9bc9-e870d0cb442a,sess-0340,2026-01-14T08:32:00,property_view,visitor-0384,192.0.2.25,Mozilla/Windows,PROP-0131,319,false,false
5ed406a3-0084-4916-b0fe-3b4e3d07cf0a,sess-0328,2026-01-09T20:17:00,property_view,visitor-0333,192.0.2.27,Mozilla/Windows,PROP-0075,148,false,false
0cd50600-cbb8-4757-af6d-a82b91a33ea7,sess-0308,2026-01-31T08:51:00,property_view,visitor-0414,203.0.113.12,Mozilla/Windows,PROP-0075,363,false,false
0277eb68-52c7-4bf3-b54d-302db688bf30,sess-0215,2026-02-07T19:58:00,property_view,visitor-0415,192.0.2.26,Mozilla/iPhone,PROP-0003,33,false,false
31df3b2c-662f-4fe9-be46-c4453ad50b97,sess-0344,2026-01-29T22:58:00,property_view,visitor-0368,203.0.113.12,Mozilla/Windows,PROP-0147,102,false,false
3ec1dd24-3ada-44fb-aaf5-c64aa158fcc0,sess-0133,2026-03-02T10:47:00,property_view,visitor-0743,203.0.113.12,Mozilla/Windows,PROP-0139,405,false,false
5ea37f5d-380b-41e6-8f5a-07da131a81ff,sess-0158,2026-02-15T11:47:00,property_view,visitor-0431,192.0.2.26,Mozilla/Windows,PROP-0083,184,false,false
69222cdc-ed1b-4049-beb8-5fc78afb5883,sess-0325,2026-01-16T22:03:00,property_view,visitor-0598,203.0.113.13,Mozilla/Windows,PROP-0147,332,false,false
bf6a32d0-9a81-4352-87ea-09a245741225,sess-0153,2026-03-29T21:33:00,property_view,visitor-0424,192.0.2.22,Mozilla/iPhone,PROP-0051,92,false,false
7cc27239-dace-49a6-8bc7-6c818f3df99c,sess-0162,2026-03-14T22:09:00,property_view,visitor-0733,203.0.113.11,Mozilla/iPhone,PROP-0051,56,false,false
9ee8a4ee-17e9-44dc-9580-8892144dbe13,sess-0108,2026-01-01T22:17:00,property_view,visitor-0780,203.0.113.11,Mozilla/Windows,PROP-0043,310,false,false
430d5bba-a2ee-480c-b12b-68f4e6e783c2,sess-0220,2026-02-25T21:25:00,property_view,visitor-0489,203.0.113.10,Mozilla/iPhone,PROP-0123,34,false,false
30a156cb-8f0a-4c02-a1b4-abd64d8fec4d,sess-0347,2026-03-09T11:01:00,property_view,visitor-0005,203.0.113.10,Mozilla/Windows,PROP-0091,142,false,false
7953140b-f857-48da-acb2-4bde11243245,sess-0034,2026-02-19T19:10:00,property_view,visitor-0047,203.0.113.13,Mozilla/iPhone,PROP-0091,163,false,false
ca293e38-8d70-4b8d-a36f-98cefd06909a,sess-0251,2026-02-25T10:21:00,property_view,visitor-0368,192.0.2.25,Mozilla/Windows,PROP-0131,99,false,false
ad7318ef-d7fc-491e-b75f-0138f61ed145,sess-0012,2026-01-17T11:46:00,property_view,visitor-0604,203.0.113.10,Mozilla/Windows,PROP-0099,78,false,false
6f568074-cce0-435b-9fda-2146379207ac,sess-0025,2026-02-02T08:38:00,property_view,visitor-0678,203.0.113.11,Mozilla/iPhone,PROP-0011,25,false,true
2f4b3f84-fbe9-41c3-b902-73e568c71754,sess-0360,2026-01-16T19:30:00,property_view,visitor-0157,203.0.113.11,Mozilla/iPhone,PROP-0027,366,false,false
382cd27d-bac2-40a2-a4ca-29d37acf7a72,sess-0311,2026-03-26T19:39:00,property_view,visitor-0718,203.0.113.11,Mozilla/iPhone,PROP-0075,68,false,false
b95e77b7-7546-4de5-b870-173852cd4fad,sess-0312,2026-01-14T22:12:00,property_view,visitor-0205,203.0.113.10,Mozilla/Windows,PROP-0155,282,false,false
c78c3cf7-d283-402f-b553-116b5a31cbf5,sess-0107,2026-01-06T22:58:00,property_view,visitor-0705,203.0.113.11,Mozilla/Windows,PROP-0091,184,false,false
0de8640a-408f-46dc-b399-923aaab4b68d,sess-0047,2026-01-15T22:09:00,property_view,visitor-0799,192.0.2.27,Mozilla/Windows,PROP-0003,385,false,false
06ace4dc-4eb0-4d88-821b-ea7b5be38d8a,sess-0026,2026-02-07T19:29:00,property_view,visitor-0103,192.0.2.26,Mozilla/Windows,PROP-0067,35,false,false
9b719712-d187-44e9-9255-62385496afe6,sess-0389,2026-01-15T09:54:00,property_view,visitor-0047,192.0.2.27,Mozilla/iPhone,PROP-0091,85,false,false
2bf2b8d2-9cc6-4615-9d93-a8b207435282,sess-0376,2026-02-26T19:56:00,property_view,visitor-0096,203.0.113.11,Mozilla/iPhone,PROP-0043,190,false,false
cf6ad3ca-5628-4cf8-83d2-005a238fcecd,sess-0245,2026-02-04T21:44:00,property_view,visitor-0432,203.0.113.11,Mozilla/Windows,PROP-0099,100,false,false
b312105d-6815-4696-9e3c-324b44bc997a,sess-0292,2026-03-17T22:51:00,property_view,visitor-0695,203.0.113.12,Mozilla/Windows,PROP-0011,327,false,false
921a7b8e-be39-443d-9c81-56db9d32e902,sess-0250,2026-03-29T10:30:00,property_view,visitor-0116,192.0.2.25,Mozilla/Windows,PROP-0091,240,false,true
b525bba1-415a-4739-a024-49a8cba6aa4f,sess-0174,2026-03-28T11:42:00,property_view,visitor-0532,192.0.2.26,Mozilla/Windows,PROP-0067,373,false,false
e0ae7dd6-ba55-408b-8967-fd6ca131c399,sess-0347,2026-03-03T20:42:00,property_view,visitor-0657,192.0.2.27,Mozilla/iPhone,PROP-0107,300,false,false
1c55d8c4-b7db-440f-bb72-f98aba92e683,sess-0254,2026-01-21T22:54:00,property_view,visitor-0170,203.0.113.10,Mozilla/iPhone,PROP-0155,266,false,false
0025df2e-9659-450f-8dcc-0ebf4678c7d6,sess-0121,2026-01-29T21:25:00,property_view,visitor-0081,203.0.113.13,Mozilla/Windows,PROP-0083,308,false,false
75dd1610-5051-4f42-b2ac-f631895673f2,sess-0207,2026-03-05T08:06:00,property_view,visitor-0423,192.0.2.20,Mozilla/iPhone,PROP-0123,296,false,true
fbbce148-f27e-47a9-ac0a-f6c08b8143ad,sess-0261,2026-03-23T19:56:00,property_view,visitor-0576,192.0.2.25,Mozilla/iPhone,PROP-0019,358,false,false
7052f1a9-9852-4974-baa1-630b847e7dbc,sess-0287,2026-01-29T22:21:00,property_view,visitor-0786,203.0.113.11,Mozilla/Windows,PROP-0083,257,false,false
aba67e05-cf54-4081-a069-b7ab4272e805,sess-0175,2026-03-26T11:00:00,property_view,visitor-0364,192.0.2.20,Mozilla/Windows,PROP-0091,164,false,false
1ae42905-e18d-4c6b-ac18-eca0b169be9f,sess-0368,2026-01-22T22:08:00,property_view,visitor-0761,203.0.113.10,Mozilla/Windows,PROP-0091,69,false,false
cecb2d88-bb12-4956-b1d4-9270299f2df0,sess-0098,2026-02-20T11:29:00,property_view,visitor-0734,203.0.113.12,Mozilla/iPhone,PROP-0051,402,false,false
177de897-38e8-4fde-a2e3-a4f48460e400,sess-0302,2026-02-27T22:42:00,property_view,visitor-0517,203.0.113.10,Mozilla/iPhone,PROP-0147,270,false,true
1f3162ea-e51e-47cd-aef8-790f771a486c,sess-0261,2026-03-16T22:59:00,property_view,visitor-0800,192.0.2.23,Mozilla/Windows,PROP-0011,105,false,false
e788225f-ace2-4a4e-a40d-51c3258ab757,sess-0197,2026-03-26T20:32:00,property_view,visitor-0429,203.0.113.10,Mozilla/Windows,PROP-0043,369,false,false
1296777b-7ef6-4814-809d-15eed3299147,sess-0069,2026-02-07T22:51:00,property_view,visitor-0142,203.0.113.11,Mozilla/Windows,PROP-0067,373,false,false
9f48799e-300b-47d8-873f-aac9693641fe,sess-0378,2026-03-12T20:45:00,property_view,visitor-0567,203.0.113.13,Mozilla/Windows,PROP-0131,117,false,false
24802e71-9ee1-492f-a984-c8a001273271,sess-0333,2026-03-28T10:45:00,property_view,visitor-0183,192.0.2.27,Mozilla/Windows,PROP-0075,370,false,false
4824389f-f9ad-4549-b061-0ef364f6a24e,sess-0383,2026-03-16T21:43:00,property_view,visitor-0547,203.0.113.11,Mozilla/iPhone,PROP-0027,231,false,false
2fce27d3-ec7e-431f-a70d-b5d5ea8499c2,sess-0029,2026-01-19T08:42:00,property_view,visitor-0205,203.0.113.10,Mozilla/iPhone,PROP-0131,417,false,false
9246549a-c14d-4add-a0bd-cbacbb953285,sess-0386,2026-01-08T19:13:00,property_view,visitor-0555,192.0.2.27,Mozilla/iPhone,PROP-0075,246,false,false
87bd13d4-8551-4ae8-815c-03457fa82438,sess-0262,2026-03-13T21:15:00,property_view,visitor-0713,203.0.113.12,Mozilla/iPhone,PROP-0139,355,false,true
bcc8a370-ec60-459c-b287-2fdd8e55c562,sess-0028,2026-03-29T20:35:00,property_view,visitor-0014,203.0.113.11,Mozilla/Windows,PROP-0099,118,false,false
95c5cc12-6ee7-4011-a853-f120699d4004,sess-0302,2026-03-24T20:48:00,property_view,visitor-0560,203.0.113.12,Mozilla/Windows,PROP-0115,115,false,false
820ee820-d410-46e0-baf3-99b8b86b02b7,sess-0089,2026-03-29T09:11:00,property_view,visitor-0753,203.0.113.13,Mozilla/Windows,PROP-0051,208,false,true
124f597f-bf63-492e-840c-0fff473439ac,sess-0170,2026-01-21T19:00:00,property_view,visitor-0478,192.0.2.23,Mozilla/Windows,PROP-0067,94,false,true
3e64249f-4eca-4048-9e6a-e5f61bdaabce,sess-0294,2026-03-22T19:31:00,property_view,visitor-0564,192.0.2.25,Mozilla/iPhone,PROP-0083,416,false,false
d9ac9a80-6260-4a8c-9b08-a893f1fa61e0,sess-0259,2026-03-08T09:50:00,property_view,visitor-0164,203.0.113.12,Mozilla/Windows,PROP-0131,289,false,false
a86a7cca-3a79-4b19-9075-02b0f8e60a26,sess-0185,2026-03-26T20:21:00,property_view,visitor-0301,203.0.113.12,Mozilla/iPhone,PROP-0091,400,false,false
56e0fb2b-f350-4f5c-b212-438403124a3c,sess-0343,2026-03-25T08:07:00,property_view,visitor-0355,192.0.2.23,Mozilla/Windows,PROP-0123,343,false,false
45a63210-fee9-42c8-8504-09b2fdff0ad9,sess-0059,2026-03-29T20:24:00,property_view,visitor-0396,203.0.113.12,Mozilla/iPhone,PROP-0155,385,false,false
2d546cc3-73cc-4d85-a03d-4ea82c1ebf58,sess-0023,2026-03-07T22:31:00,property_view,visitor-0304,203.0.113.11,Mozilla/Windows,PROP-0131,113,false,false
ce691885-e13c-4600-9138-28227ff3e1a0,sess-0034,2026-03-10T08:40:00,property_view,visitor-0216,203.0.113.10,Mozilla/Windows,PROP-0019,411,false,false
9c139a05-fb00-4a1d-a079-4dfa69b4e9ba,sess-0037,2026-03-31T21:41:00,property_view,visitor-0765,203.0.113.10,Mozilla/Windows,PROP-0107,27,false,false
6592fa3a-0604-446e-b8b9-61a853f0ea77,sess-0129,2026-01-07T10:50:00,property_view,visitor-0572,203.0.113.10,Mozilla/iPhone,PROP-0083,131,false,false
35bb23ed-9071-40db-b93f-22fc91824f18,sess-0009,2026-02-21T21:20:00,property_view,visitor-0399,203.0.113.11,Mozilla/Windows,PROP-0107,288,false,true
126273b0-ac8f-4ab0-9643-875cf4d1e8a8,sess-0038,2026-03-16T08:44:00,property_view,visitor-0367,203.0.113.10,Mozilla/Windows,PROP-0155,69,false,false
ba8f65a9-15d8-4de9-a621-e9d093653974,sess-0339,2026-02-26T21:25:00,property_view,visitor-0032,192.0.2.25,Mozilla/Windows,PROP-0075,288,false,false
1b4b9c41-147f-4ad7-abc5-8454fb0fc55d,sess-0347,2026-03-23T10:19:00,property_view,visitor-0747,192.0.2.23,Mozilla/Windows,PROP-0099,20,false,false
032f03ef-e8aa-4e9d-9d94-fe2696c7244c,sess-0281,2026-01-01T21:34:00,property_view,visitor-0088,203.0.113.10,Mozilla/iPhone,PROP-0139,398,false,false
b59d2d48-c384-4d01-8ba1-ca104e58f1f6,sess-0095,2026-03-24T10:10:00,property_view,visitor-0227,203.0.113.12,Mozilla/Windows,PROP-0091,144,false,false
c6808cb8-5b02-43f5-a5b3-4d53e718b80c,sess-0282,2026-01-07T22:41:00,property_view,visitor-0075,192.0.2.27,Mozilla/iPhone,PROP-0043,49,false,false
8ce4ed19-9af6-4f8f-8b57-ff2c3f49dd46,sess-0344,2026-02-12T20:08:00,property_view,visitor-0672,192.0.2.24,Mozilla/iPhone,PROP-0051,160,false,false
e24737f4-ed13-46a8-96dd-b402c58b3212,sess-0300,2026-02-12T19:44:00,property_view,visitor-0157,203.0.113.11,Mozilla/Windows,PROP-0051,201,false,false
11b4bace-f012-4b6e-b73a-b75596c971a2,sess-0379,2026-02-01T11:45:00,property_view,visitor-0657,203.0.113.12,Mozilla/Windows,PROP-0107,199,false,false
08fec1a2-6065-4c5b-a250-2f7a1adcc154,sess-0283,2026-02-15T19:31:00,property_view,visitor-0112,192.0.2.21,Mozilla/iPhone,PROP-0083,325,false,false
5f1f8bc4-7d3f-48fc-9d13-1385a67068c1,sess-0321,2026-01-26T19:46:00,property_view,visitor-0079,203.0.113.10,Mozilla/Windows,PROP-0067,24,false,false
601665e8-1b32-49cb-bc85-7a6b25312c98,sess-0019,2026-03-17T11:58:00,property_view,visitor-0565,192.0.2.24,Mozilla/iPhone,PROP-0003,291,false,false
30f80e5a-9f9b-4573-a07f-a3873052b686,sess-0238,2026-03-17T19:08:00,property_view,visitor-0514,203.0.113.11,Mozilla/Windows,PROP-0035,218,false,false
be070885-0745-4f65-bab4-8c36732709c1,sess-0264,2026-03-20T10:48:00,property_view,visitor-0144,192.0.2.27,Mozilla/Windows,PROP-0003,106,false,false
e95c2c34-92f3-4d3d-a7c9-edb7251842ab,sess-0021,2026-01-19T22:22:00,property_view,visitor-0225,192.0.2.27,Mozilla/Windows,PROP-0147,133,false,false
a60dfc12-c3c5-4855-abe3-4cff79873e8f,sess-0241,2026-01-27T20:24:00,property_view,visitor-0466,203.0.113.12,Mozilla/Windows,PROP-0091,35,false,false
9a3a1687-6512-466a-9c36-15dc8acb7231,sess-0380,2026-03-08T19:53:00,property_view,visitor-0270,203.0.113.10,Mozilla/Windows,PROP-0083,306,false,false
5d979f9a-12f9-4d26-855b-1883452a4121,sess-0115,2026-01-10T19:24:00,property_view,visitor-0529,203.0.113.11,Mozilla/Windows,PROP-0099,191,false,false
e2c9acc9-f807-44fb-9a9c-66ca29af6432,sess-0118,2026-01-18T22:10:00,property_view,visitor-0079,192.0.2.25,Mozilla/Windows,PROP-0123,158,false,false
e69bafc9-b819-43fe-9733-ba034dcb5eee,sess-0170,2026-01-16T11:26:00,property_view,visitor-0738,203.0.113.12,Mozilla/iPhone,PROP-0043,360,false,false
9aee3f68-084e-4f78-bf22-f95972166499,sess-0023,2026-02-22T08:15:00,property_view,visitor-0131,192.0.2.24,Mozilla/Windows,PROP-0051,97,false,false
e1a43720-1622-4788-8e1d-36d89a816cf9,sess-0133,2026-01-19T08:10:00,property_view,visitor-0185,203.0.113.10,Mozilla/Windows,PROP-0131,222,false,false
ff2b4908-7301-4818-9565-a4d3536376dc,sess-0111,2026-03-26T19:05:00,property_view,visitor-0460,192.0.2.26,Mozilla/Windows,PROP-0147,256,false,false
69c45dbc-1c90-4221-8e59-72b9e28360df,sess-0299,2026-03-18T10:50:00,property_view,visitor-0786,203.0.113.12,Mozilla/iPhone,PROP-0043,352,false,false
cabfcf20-2858-4e81-987c-dea262adf742,sess-0194,2026-02-28T09:14:00,property_view,visitor-0395,192.0.2.27,Mozilla/iPhone,PROP-0043,23,false,false
30fd5270-c16e-4767-8a95-67bcfd342d65,sess-0244,2026-01-20T09:11:00,property_view,visitor-0630,192.0.2.27,Mozilla/Windows,PROP-0131,416,false,false
74839e21-f07f-4aa7-8aae-b64932aa3218,sess-0397,2026-01-17T08:57:00,property_view,visitor-0695,203.0.113.10,Mozilla/Windows,PROP-0027,282,false,false
23de4736-b922-4867-8fe5-311e3ef83cc9,sess-0302,2026-03-03T21:22:00,property_view,visitor-0760,192.0.2.22,Mozilla/Windows,PROP-0011,371,false,false
b74979ce-8b8c-42d6-a91b-54ebe975a3e7,sess-0307,2026-01-30T09:18:00,property_view,visitor-0557,203.0.113.10,Mozilla/Windows,PROP-0107,111,false,true
13a6e752-6ead-46ea-a552-b729ec1a41e3,sess-0336,2026-03-08T08:24:00,property_view,visitor-0211,192.0.2.24,Mozilla/Windows,PROP-0003,176,false,false
dcd0e23b-32c3-4d3d-a6d0-db83bf251191,sess-0275,2026-03-16T19:16:00,property_view,visitor-0434,203.0.113.10,Mozilla/Windows,PROP-0027,328,false,false
9a367338-0392-4445-8619-5956de7835a9,sess-0190,2026-03-13T22:11:00,property_view,visitor-0573,203.0.113.12,Mozilla/Windows,PROP-0099,144,false,false
3e0a4fc7-6198-442a-80fc-c7f0d01c3eb7,sess-0338,2026-02-20T10:54:00,property_view,visitor-0122,203.0.113.11,Mozilla/Windows,PROP-0147,243,false,false
5508747d-478c-4884-b80f-3dae3182cedf,sess-0282,2026-02-21T20:51:00,property_view,visitor-0629,203.0.113.10,Mozilla/Windows,PROP-0043,376,false,false
a6c04864-3e2a-4b1e-aeea-4fbf21f32911,sess-0308,2026-01-12T10:30:00,property_view,visitor-0446,192.0.2.26,Mozilla/iPhone,PROP-0099,149,false,false
338d4dbc-3a35-4535-8ad5-8a2aca7d29ce,sess-0336,2026-02-19T21:39:00,property_view,visitor-0534,192.0.2.25,Mozilla/iPhone,PROP-0019,320,false,false
e8fc5101-d7e5-420c-a7b6-bb3a59ab17d4,sess-0337,2026-01-02T11:54:00,property_view,visitor-0531,192.0.2.26,Mozilla/iPhone,PROP-0043,32,false,false
2c74d5d2-3ff6-455f-aca9-b5d87be9c2bd,sess-0019,2026-03-20T10:43:00,property_view,visitor-0369,192.0.2.22,Mozilla/iPhone,PROP-0131,15,false,false
a23d033b-275b-4691-8f4e-dccf1deb4124,sess-0301,2026-02-15T21:25:00,property_view,visitor-0206,203.0.113.13,Mozilla/Windows,PROP-0019,392,false,false
d4bfbde7-e4fd-46d5-b504-173c8fa7bb56,sess-0142,2026-03-13T20:22:00,property_view,visitor-0232,192.0.2.23,Mozilla/Windows,PROP-0019,114,false,false
5dc0b403-d09d-405f-a708-cd123b2d8783,sess-0055,2026-01-23T21:32:00,property_view,visitor-0573,192.0.2.24,Mozilla/iPhone,PROP-0099,165,false,false
93f2ad23-f438-4143-9836-58b7dff1c508,sess-0227,2026-03-10T19:44:00,property_view,visitor-0387,192.0.2.22,Mozilla/Windows,PROP-0027,409,false,false
0107bb0a-b41d-47c5-a1d5-03b7d55809d7,sess-0060,2026-03-17T08:30:00,property_view,visitor-0265,192.0.2.20,Mozilla/iPhone,PROP-0083,339,false,false
38d17032-ae72-4385-8eec-df39d2b9db75,sess-0265,2026-02-10T21:22:00,property_view,visitor-0549,192.0.2.27,Mozilla/iPhone,PROP-0059,149,false,false
db11d3ec-f2ca-4ec2-8e67-743c0c9ca995,sess-0092,2026-02-13T09:35:00,property_view,visitor-0488,203.0.113.11,Mozilla/iPhone,PROP-0019,126,false,false
b7ed280f-efc1-4b9b-9132-fb8be657e305,sess-0378,2026-03-29T11:31:00,property_view,visitor-0205,203.0.113.12,Mozilla/iPhone,PROP-0067,138,false,false
6b26d241-f28a-4146-92ca-06a12f845052,sess-0399,2026-02-01T20:09:00,property_view,visitor-0110,203.0.113.12,Mozilla/iPhone,PROP-0051,55,false,false
08029692-1477-4e60-9060-68e6ecd48542,sess-0247,2026-03-11T08:54:00,property_view,visitor-0381,192.0.2.25,Mozilla/Windows,PROP-0123,267,false,false
c1b8f883-7fd6-44a8-b75c-215c1af8748f,sess-0114,2026-03-07T19:25:00,property_view,visitor-0769,203.0.113.13,Mozilla/Windows,PROP-0147,42,false,false
ab491ab1-df7d-489f-883f-13fd1b1e4aa6,sess-0352,2026-01-05T20:25:00,property_view,visitor-0795,192.0.2.21,Mozilla/iPhone,PROP-0107,76,false,false
56b8980a-e48f-4d33-8a9f-75457927aa53,sess-0298,2026-01-02T11:24:00,property_view,visitor-0104,203.0.113.11,Mozilla/iPhone,PROP-0115,328,false,false
e05cfa55-f0f3-40d2-b05a-f8ed8550ab52,sess-0176,2026-02-04T22:39:00,property_view,visitor-0375,192.0.2.23,Mozilla/iPhone,PROP-0043,232,false,false
3957b3a9-d3db-41cd-b624-f4d72526b94e,sess-0293,2026-02-05T22:11:00,property_view,visitor-0135,203.0.113.11,Mozilla/Windows,PROP-0091,366,false,false
63a5343d-5e78-43fc-b706-ccb03c63648a,sess-0196,2026-03-13T21:54:00,property_view,visitor-0201,203.0.113.13,Mozilla/iPhone,PROP-0027,393,false,false
29dbd217-1d13-4791-a884-cf33d38a1b27,sess-0250,2026-01-18T20:50:00,property_view,visitor-0308,203.0.113.12,Mozilla/iPhone,PROP-0003,305,false,true
f05a0d07-7706-4656-87f6-909e0aaebc29,sess-0323,2026-02-02T22:53:00,property_view,visitor-0099,203.0.113.12,Mozilla/Windows,PROP-0027,186,false,false
821cba13-3576-44e0-bc8f-392ebd425ad9,sess-0211,2026-02-02T20:01:00,property_view,visitor-0125,192.0.2.23,Mozilla/iPhone,PROP-0091,362,false,false
d64964ed-d446-47f6-bf7d-c4a76dc45ccd,sess-0146,2026-03-25T10:49:00,property_view,visitor-0364,192.0.2.24,Mozilla/iPhone,PROP-0051,276,false,false
bea1d012-5e69-4c82-a114-3e2f344b8f2d,sess-0075,2026-02-06T22:40:00,property_view,visitor-0172,203.0.113.10,Mozilla/Windows,PROP-0115,187,false,false
9b65c6e0-eb1f-4fc2-946f-672cd6472977,sess-0176,2026-01-10T09:10:00,property_view,visitor-0234,192.0.2.24,Mozilla/iPhone,PROP-0155,349,false,false
3b8ed993-9060-4dd5-a527-15afd674440b,sess-0186,2026-02-04T22:49:00,property_view,visitor-0766,192.0.2.25,Mozilla/Windows,PROP-0067,245,false,false
d559288e-6271-467e-aec0-11c06691252a,sess-0359,2026-01-31T19:47:00,property_view,visitor-0768,203.0.113.10,Mozilla/iPhone,PROP-0043,100,false,false
6f5573db-cce3-4468-aab4-ef066db5d059,sess-0395,2026-03-02T08:01:00,property_view,visitor-0407,203.0.113.10,Mozilla/Windows,PROP-0027,57,false,false
3a76bf93-6001-45d6-a0bf-2675d716bb5d,sess-0127,2026-02-19T19:14:00,property_view,visitor-0756,203.0.113.10,Mozilla/iPhone,PROP-0155,335,false,false
f27ccc1f-cade-4b08-9870-88d457fa0704,sess-0167,2026-03-26T20:55:00,property_view,visitor-0488,203.0.113.12,Mozilla/Windows,PROP-0131,291,false,false
91d75b51-96ee-473f-91ec-9852477e4b3a,sess-0306,2026-03-31T10:37:00,property_view,visitor-0468,192.0.2.20,Mozilla/Windows,PROP-0139,340,false,false
617409e6-df93-4868-9a85-ebd69b9d02ce,sess-0178,2026-03-10T19:58:00,property_view,visitor-0494,192.0.2.22,Mozilla/Windows,PROP-0107,60,false,false
5913f7c0-b0b0-4613-898d-ecc42b274738,sess-0268,2026-02-08T08:00:00,property_view,visitor-0777,203.0.113.11,Mozilla/Windows,PROP-0091,191,false,false
11398d65-2f0a-4571-bd4a-1463700e006d,sess-0005,2026-03-04T22:19:00,property_view,visitor-0785,203.0.113.10,Mozilla/Windows,PROP-0139,164,false,false
5078de20-9972-4cf4-896e-3e048ceb9f48,sess-0128,2026-02-22T21:25:00,property_view,visitor-0168,192.0.2.23,Mozilla/Windows,PROP-0003,345,false,false
ac85d347-27d5-4dd9-a9fe-b40b192a8fef,sess-0392,2026-02-24T11:33:00,property_view,visitor-0628,203.0.113.12,Mozilla/Windows,PROP-0099,365,false,false
3ce22795-fcfb-4acf-b23d-59f86d813b06,sess-0149,2026-01-09T10:08:00,property_view,visitor-0114,203.0.113.13,Mozilla/Windows,PROP-0139,331,false,false
9bcaceb2-2510-4f2a-9257-03327d1477ba,sess-0274,2026-01-03T10:03:00,property_view,visitor-0023,192.0.2.21,Mozilla/iPhone,PROP-0155,67,false,false
86e6be95-452b-442c-af36-a5e3b81c7618,sess-0008,2026-01-30T09:09:00,property_view,visitor-0506,192.0.2.20,Mozilla/iPhone,PROP-0035,230,false,false
6e108416-0a8f-462b-8ebc-3596699591f7,sess-0385,2026-01-05T20:05:00,property_view,visitor-0150,203.0.113.11,Mozilla/iPhone,PROP-0123,412,false,false
04562ae5-3f76-47b2-b474-1a71db4b1b56,sess-0007,2026-02-02T21:53:00,property_view,visitor-0125,192.0.2.21,Mozilla/Windows,PROP-0139,380,false,false
cab0bc37-b151-49c6-a7cb-af4b9a982859,sess-0377,2026-01-05T11:29:00,property_view,visitor-0790,203.0.113.12,Mozilla/iPhone,PROP-0115,355,false,false
f2a8cf43-9f92-4ea0-9aa0-418accbb94a5,sess-0323,2026-02-09T20:10:00,property_view,visitor-0746,203.0.113.11,Mozilla/iPhone,PROP-0123,296,false,false
1866f033-ca08-4ec0-b917-1cf7579ad418,sess-0027,2026-01-26T20:56:00,property_view,visitor-0683,192.0.2.21,Mozilla/iPhone,PROP-0067,72,false,false
762ab1a9-7a95-4f19-a665-52e75c268787,sess-0125,2026-02-05T09:25:00,property_view,visitor-0010,203.0.113.11,Mozilla/Windows,PROP-0107,312,false,false
e27f9783-86f8-4a4e-b12d-3361bc467ea8,sess-0256,2026-01-12T11:10:00,property_view,visitor-0094,192.0.2.25,Mozilla/Windows,PROP-0123,188,false,false
ac260be7-9d1b-4ef5-9c00-d236f49d7b14,sess-0250,2026-01-20T09:08:00,property_view,visitor-0239,203.0.113.10,Mozilla/iPhone,PROP-0011,300,false,false
93714dc4-56c6-4453-bd77-35e6cf7a74f3,sess-0371,2026-01-03T21:22:00,property_view,visitor-0138,192.0.2.20,Mozilla/iPhone,PROP-0091,35,false,false
61159fa9-1abf-4b5f-bba3-035ab371c454,sess-0291,2026-03-31T22:12:00,property_view,visitor-0192,192.0.2.23,Mozilla/Windows,PROP-0115,180,false,false
920ca11a-c323-4f60-9975-68cb41e4da74,sess-0272,2026-03-12T10:04:00,property_view,visitor-0159,192.0.2.25,Mozilla/Windows,PROP-0067,149,false,false
7b2dd21c-ca42-42ca-9513-d51ccf58c8cb,sess-0095,2026-03-06T21:46:00,property_view,visitor-0020,203.0.113.10,Mozilla/Windows,PROP-0115,201,false,false
67f99b6c-f5c9-4b1d-9550-d5a64bd09d5f,sess-0269,2026-03-26T21:12:00,property_view,visitor-0700,203.0.113.11,Mozilla/Windows,PROP-0059,297,false,false
e56b8dd6-16eb-4bf7-b53b-cbe0b44b3faf,sess-0268,2026-02-11T09:06:00,property_view,visitor-0675,203.0.113.11,Mozilla/iPhone,PROP-0075,81,false,false
1a65ec82-b3ce-4649-9398-489a8b0bb242,sess-0293,2026-01-25T09:02:00,property_view,visitor-0658,203.0.113.12,Mozilla/Windows,PROP-0011,351,false,false
d60405a8-50a0-45c7-8311-6f3981e78cc9,sess-0368,2026-02-16T11:38:00,property_view,visitor-0073,192.0.2.24,Mozilla/iPhone,PROP-0155,121,false,false
67f82fae-6d2c-4246-a286-40441bef077e,sess-0381,2026-01-08T20:35:00,property_view,visitor-0426,192.0.2.20,Mozilla/Windows,PROP-0019,377,false,false
dbd03017-5c95-4b93-b434-64c4b276f379,sess-0111,2026-01-10T19:04:00,property_view,visitor-0532,203.0.113.13,Mozilla/iPhone,PROP-0155,386,false,false
73ca1bc8-f1a1-4edd-9926-da5bc59ef09c,sess-0321,2026-03-26T11:36:00,property_view,visitor-0184,203.0.113.12,Mozilla/Windows,PROP-0099,300,false,false
a66a5c4a-568b-4415-9139-f246b7e6f55e,sess-0341,2026-03-28T22:44:00,property_view,visitor-0438,192.0.2.26,Mozilla/Windows,PROP-0027,100,false,false
3c60aec9-110f-40e9-9d15-dabefa68b05e,sess-0308,2026-03-26T10:34:00,property_view,visitor-0454,203.0.113.11,Mozilla/Windows,PROP-0139,176,false,false
434179c0-3a2e-4c59-8d6a-cb96713eb494,sess-0372,2026-03-23T21:52:00,property_view,visitor-0332,203.0.113.11,Mozilla/Windows,PROP-0083,303,false,false
485b3cdd-3557-4a0e-99a4-b1dc0efafff8,sess-0230,2026-02-02T20:28:00,property_view,visitor-0407,192.0.2.23,Mozilla/iPhone,PROP-0099,32,false,false
e9d15aa8-add7-467e-b63b-ffdfae0cdb45,sess-0114,2026-02-08T08:19:00,property_view,visitor-0220,203.0.113.10,Mozilla/Windows,PROP-0155,26,false,false
a2510a6f-4d20-4fa7-8d39-f9bd898dfcb5,sess-0020,2026-03-15T10:06:00,property_view,visitor-0472,192.0.2.23,Mozilla/iPhone,PROP-0067,85,false,false
cf8d2090-871a-4b32-8067-d7e79fadb81b,sess-0205,2026-02-08T09:36:00,property_view,visitor-0583,203.0.113.12,Mozilla/Windows,PROP-0147,390,false,false
e9d414fc-22ab-411d-bdb5-4a73e009616d,sess-0329,2026-03-30T09:38:00,property_view,visitor-0308,192.0.2.21,Mozilla/iPhone,PROP-0083,310,false,false
fe7305d0-a000-4214-b032-559d86e59e7c,sess-0062,2026-02-25T21:59:00,property_view,visitor-0789,203.0.113.11,Mozilla/iPhone,PROP-0011,349,false,false
408aaed6-ccb8-4955-a9b6-d13b006272a6,sess-0269,2026-02-18T08:19:00,property_view,visitor-0043,192.0.2.26,Mozilla/iPhone,PROP-0003,304,false,false
fbf135a0-0ce8-4b46-a765-a37d906f8301,sess-0386,2026-03-28T21:28:00,property_view,visitor-0610,203.0.113.12,Mozilla/Windows,PROP-0131,61,false,false
5c21fdf4-60f2-432e-9eea-c4c1fb7e9110,sess-0293,2026-02-13T09:30:00,property_view,visitor-0764,203.0.113.11,Mozilla/iPhone,PROP-0075,219,false,false
135d91aa-635b-41e2-b034-7ce758d3bd13,sess-0070,2026-03-31T10:48:00,property_view,visitor-0493,192.0.2.22,Mozilla/Windows,PROP-0099,264,false,false
2311718b-0c55-4d2a-a220-0293bc63e581,sess-0037,2026-03-09T11:15:00,property_view,visitor-0273,203.0.113.12,Mozilla/Windows,PROP-0147,180,false,false
4efb0491-b024-4a41-8cc1-cefe0684de8e,sess-0179,2026-02-22T21:23:00,property_view,visitor-0196,203.0.113.10,Mozilla/iPhone,PROP-0147,319,false,false
c72202df-b2ec-479c-95b7-8bb744cb62ff,sess-0075,2026-03-20T22:39:00,property_view,visitor-0452,203.0.113.12,Mozilla/iPhone,PROP-0075,134,false,false
88c36887-65e1-4553-ae32-7acdb2587437,sess-0028,2026-01-11T09:47:00,property_view,visitor-0249,203.0.113.10,Mozilla/Windows,PROP-0091,90,false,false
fe38bf99-aff7-4f49-b130-a6f973de4c51,sess-0242,2026-01-15T19:28:00,property_view,visitor-0024,203.0.113.10,Mozilla/iPhone,PROP-0075,393,false,false
954211e3-4948-480a-aaca-1b216838f870,sess-0374,2026-02-03T22:39:00,property_view,visitor-0145,192.0.2.23,Mozilla/Windows,PROP-0051,357,false,true
c6e17afe-f30a-4178-be12-b2dfaee0418b,sess-0146,2026-02-02T10:03:00,property_view,visitor-0206,192.0.2.27,Mozilla/Windows,PROP-0147,331,false,false
9ed0e28d-ba9d-4851-90c7-0aff523fc51a,sess-0139,2026-01-09T21:42:00,property_view,visitor-0679,192.0.2.26,Mozilla/Windows,PROP-0115,352,false,false
3e205ca4-c8d6-4338-bbc8-e19c8c72d9ba,sess-0195,2026-03-25T21:14:00,property_view,visitor-0521,203.0.113.10,Mozilla/Windows,PROP-0027,65,false,false
eab4da60-f4c7-4f87-8195-ecd7ea709e57,sess-0235,2026-01-24T11:32:00,property_view,visitor-0575,192.0.2.25,Mozilla/Windows,PROP-0123,26,false,true
355eec79-6b8d-4ee4-809e-fc3b8df9726e,sess-0178,2026-02-20T10:01:00,property_view,visitor-0701,203.0.113.13,Mozilla/iPhone,PROP-0131,335,false,false
7250e0f7-c194-482c-9035-de117b3bf244,sess-0199,2026-03-22T19:56:00,property_view,visitor-0031,203.0.113.13,Mozilla/Windows,PROP-0131,158,false,false
83ea23e2-661e-45aa-94bd-e7257ad9ff2e,sess-0348,2026-01-12T21:33:00,property_view,visitor-0628,203.0.113.11,Mozilla/Windows,PROP-0083,366,false,false
34cae594-9a14-4949-bd06-a8c27e23092b,sess-0278,2026-02-09T20:28:00,property_view,visitor-0135,192.0.2.24,Mozilla/iPhone,PROP-0059,85,false,false
343f9c9e-4d31-47b5-ae5a-54617461ed1c,sess-0395,2026-03-09T10:27:00,property_view,visitor-0149,203.0.113.10,Mozilla/Windows,PROP-0051,304,false,false
02523637-2e3f-4e45-9a15-4c6ab47fc97b,sess-0075,2026-01-16T10:20:00,property_view,visitor-0745,203.0.113.10,Mozilla/iPhone,PROP-0083,178,false,false
3d3a9b99-ee77-453b-b28f-a9d28acb8d0e,sess-0399,2026-03-23T19:09:00,property_view,visitor-0193,203.0.113.11,Mozilla/iPhone,PROP-0107,109,false,true
c2516eed-ece4-4435-9dbb-e5219b76ed8b,sess-0119,2026-03-14T11:38:00,property_view,visitor-0237,192.0.2.25,Mozilla/Windows,PROP-0155,198,false,false
675ac40a-8065-4936-81c5-0bd81ba293d4,sess-0333,2026-03-19T22:45:00,property_view,visitor-0383,203.0.113.10,Mozilla/iPhone,PROP-0123,213,false,false
52832137-73a6-4bd8-aeb5-ae0b2d01aabc,sess-0008,2026-01-05T21:48:00,property_view,visitor-0277,203.0.113.12,Mozilla/Windows,PROP-0035,128,false,false
b2e6a56c-fe3b-4157-8ceb-9f49459f992a,sess-0167,2026-02-26T22:44:00,property_view,visitor-0469,203.0.113.12,Mozilla/Windows,PROP-0051,233,false,false
704b5823-e99f-415a-a32b-1ad963bc5f37,sess-0314,2026-02-18T20:25:00,property_view,visitor-0761,192.0.2.25,Mozilla/Windows,PROP-0011,289,false,false
1ab6c83b-83ba-40c2-8780-718980981f65,sess-0126,2026-02-28T08:56:00,property_view,visitor-0532,192.0.2.22,Mozilla/Windows,PROP-0011,391,false,true
d0d8be94-8c73-4f33-94ec-9f48420016c4,sess-0226,2026-01-07T11:18:00,property_view,visitor-0408,192.0.2.22,Mozilla/Windows,PROP-0099,411,false,false
d1924f9e-084d-4c04-ac53-eea85fa883a2,sess-0265,2026-03-20T08:44:00,property_view,visitor-0146,203.0.113.12,Mozilla/Windows,PROP-0115,345,false,false
9f26c602-576d-4532-8ddd-051f61fbeda6,sess-0212,2026-03-16T10:25:00,property_view,visitor-0332,203.0.113.10,Mozilla/Windows,PROP-0131,106,false,false
62199ead-0517-47cd-b34c-b133b9139963,sess-0376,2026-02-11T10:45:00,property_view,visitor-0127,192.0.2.20,Mozilla/iPhone,PROP-0051,376,false,false
dceba830-1de7-41b3-a00e-e1b49e5371c7,sess-0282,2026-02-19T10:24:00,property_view,visitor-0390,203.0.113.10,Mozilla/iPhone,PROP-0091,102,false,false
